,card_number,card_name,card_rarity,fullcomp_url,fullcomp_quantity_trend,fullcomp_latest_quantity,fullcomp_quantity_diff,fullcomp_price_trend,fullcomp_latest_price,fullcomp_price_diff,cardrush_url,cardrush_quantity_trend,cardrush_latest_quantity,cardrush_quantity_diff,cardrush_price_trend,cardrush_latest_price,cardrush_price_diff,bigweb_url,bigweb_quantity_trend,bigweb_latest_quantity,bigweb_quantity_diff,bigweb_price_trend,bigweb_latest_price,bigweb_price_diff,yuyu-tei_url,yuyu-tei_quantity_trend,yuyu-tei_latest_quantity,yuyu-tei_quantity_diff,yuyu-tei_price_trend,yuyu-tei_latest_price,yuyu-tei_price_diff,clabo_url,clabo_quantity_trend,clabo_latest_quantity,clabo_quantity_diff,clabo_price_trend,clabo_latest_price,clabo_price_diff
0,101,シェイミV,SR,https://shopping.fullcomp.jp//shopdetail/000000048519/p_s9/page1/order/,"<img loading=lazy src=""data:image/png;base64, iVBORw0KGgoAAAANSUhEUgAAACQAAAASCAYAAAAzI3woAAAAOXRFWHRTb2Z0d2FyZQBNYXRwbG90bGliIHZlcnNpb24zLjUuMSwgaHR0cHM6Ly9tYXRwbG90bGliLm9yZy/YYfK9AAAACXBIWXMAAAsTAAALEwEAmpwYAAAAL0lEQVR4nO3OoQEAMAjEwNL9d348JhJEboKrJO+Svx2YDBFDxBAxRAwRQ8QQMUQaNPcDIebcD2wAAAAASUVORK5CYII="" />",7,0,"<img loading=lazy src=""data:image/png;base64, iVBORw0KGgoAAAANSUhEUgAAACQAAAASCAYAAAAzI3woAAAAOXRFWHRTb2Z0d2FyZQBNYXRwbG90bGliIHZlcnNpb24zLjUuMSwgaHR0cHM6Ly9tYXRwbG90bGliLm9yZy/YYfK9AAAACXBIWXMAAAsTAAALEwEAmpwYAAAAL0lEQVR4nO3OoQEAMAjEwNL9d348JhJEboKrJO+Svx2YDBFDxBAxRAwRQ8QQMUQaNPcDIebcD2wAAAAASUVORK5CYII="" />",680,0,https://www.cardrush-pokemon.jp/product/24413,"<img loading=lazy src=""data:image/png;base64, iVBORw0KGgoAAAANSUhEUgAAACQAAAASCAYAAAAzI3woAAAAOXRFWHRTb2Z0d2FyZQBNYXRwbG90bGliIHZlcnNpb24zLjUuMSwgaHR0cHM6Ly9tYXRwbG90bGliLm9yZy/YYfK9AAAACXBIWXMAAAsTAAALEwEAmpwYAAAAL0lEQVR4nO3OoQEAMAjEwNL9d348JhJEboKrJO+Svx2YDBFDxBAxRAwRQ8QQMUQaNPcDIebcD2wAAAAASUVORK5CYII="" />",9,0,"<img loading=lazy src=""data:image/png;base64, iVBORw0KGgoAAAANSUhEUgAAACQAAAASCAYAAAAzI3woAAAAOXRFWHRTb2Z0d2FyZQBNYXRwbG90bGliIHZlcnNpb24zLjUuMSwgaHR0cHM6Ly9tYXRwbG90bGliLm9yZy/YYfK9AAAACXBIWXMAAAsTAAALEwEAmpwYAAAAL0lEQVR4nO3OoQEAMAjEwNL9d348JhJEboKrJO+Svx2YDBFDxBAxRAwRQ8QQMUQaNPcDIebcD2wAAAAASUVORK5CYII="" />",680,0,https://www.bigweb.co.jp/ver2/pd2.php?card_id=3210603,"<img loading=lazy src=""data:image/png;base64, iVBORw0KGgoAAAANSUhEUgAAACQAAAASCAYAAAAzI3woAAAAOXRFWHRTb2Z0d2FyZQBNYXRwbG90bGliIHZlcnNpb24zLjUuMSwgaHR0cHM6Ly9tYXRwbG90bGliLm9yZy/YYfK9AAAACXBIWXMAAAsTAAALEwEAmpwYAAAAL0lEQVR4nO3OoQEAMAjEwNL9d348JhJEboKrJO+Svx2YDBFDxBAxRAwRQ8QQMUQaNPcDIebcD2wAAAAASUVORK5CYII="" />",0,0,"<img loading=lazy src=""data:image/png;base64, iVBORw0KGgoAAAANSUhEUgAAACQAAAASCAYAAAAzI3woAAAAOXRFWHRTb2Z0d2FyZQBNYXRwbG90bGliIHZlcnNpb24zLjUuMSwgaHR0cHM6Ly9tYXRwbG90bGliLm9yZy/YYfK9AAAACXBIWXMAAAsTAAALEwEAmpwYAAAAL0lEQVR4nO3OoQEAMAjEwNL9d348JhJEboKrJO+Svx2YDBFDxBAxRAwRQ8QQMUQaNPcDIebcD2wAAAAASUVORK5CYII="" />",0,0,https://yuyu-tei.jp/game_poc/carddetail/cardpreview.php?VER=s08b&CID=10101&MODE=sell,"<img loading=lazy src=""data:image/png;base64, iVBORw0KGgoAAAANSUhEUgAAACQAAAASCAYAAAAzI3woAAAAOXRFWHRTb2Z0d2FyZQBNYXRwbG90bGliIHZlcnNpb24zLjUuMSwgaHR0cHM6Ly9tYXRwbG90bGliLm9yZy/YYfK9AAAACXBIWXMAAAsTAAALEwEAmpwYAAAAL0lEQVR4nO3OoQEAMAjEwNL9d348JhJEboKrJO+Svx2YDBFDxBAxRAwRQ8QQMUQaNPcDIebcD2wAAAAASUVORK5CYII="" />",13,0,"<img loading=lazy src=""data:image/png;base64, iVBORw0KGgoAAAANSUhEUgAAACQAAAASCAYAAAAzI3woAAAAOXRFWHRTb2Z0d2FyZQBNYXRwbG90bGliIHZlcnNpb24zLjUuMSwgaHR0cHM6Ly9tYXRwbG90bGliLm9yZy/YYfK9AAAACXBIWXMAAAsTAAALEwEAmpwYAAAAL0lEQVR4nO3OoQEAMAjEwNL9d348JhJEboKrJO+Svx2YDBFDxBAxRAwRQ8QQMUQaNPcDIebcD2wAAAAASUVORK5CYII="" />",680,0,https://www.c-labo-online.jp/product/186473,"<img loading=lazy src=""data:image/png;base64, iVBORw0KGgoAAAANSUhEUgAAACQAAAASCAYAAAAzI3woAAAAOXRFWHRTb2Z0d2FyZQBNYXRwbG90bGliIHZlcnNpb24zLjUuMSwgaHR0cHM6Ly9tYXRwbG90bGliLm9yZy/YYfK9AAAACXBIWXMAAAsTAAALEwEAmpwYAAAAL0lEQVR4nO3OoQEAMAjEwNL9d348JhJEboKrJO+Svx2YDBFDxBAxRAwRQ8QQMUQaNPcDIebcD2wAAAAASUVORK5CYII="" />",6.0,0.0,"<img loading=lazy src=""data:image/png;base64, iVBORw0KGgoAAAANSUhEUgAAACQAAAASCAYAAAAzI3woAAAAOXRFWHRTb2Z0d2FyZQBNYXRwbG90bGliIHZlcnNpb24zLjUuMSwgaHR0cHM6Ly9tYXRwbG90bGliLm9yZy/YYfK9AAAACXBIWXMAAAsTAAALEwEAmpwYAAAAL0lEQVR4nO3OoQEAMAjEwNL9d348JhJEboKrJO+Svx2YDBFDxBAxRAwRQ8QQMUQaNPcDIebcD2wAAAAASUVORK5CYII="" />",680.0,0.0
1,102,リザードンV,SR,https://shopping.fullcomp.jp//shopdetail/000000048520/p_s9/page1/order/,"<img loading=lazy src=""data:image/png;base64, iVBORw0KGgoAAAANSUhEUgAAACQAAAASCAYAAAAzI3woAAAAOXRFWHRTb2Z0d2FyZQBNYXRwbG90bGliIHZlcnNpb24zLjUuMSwgaHR0cHM6Ly9tYXRwbG90bGliLm9yZy/YYfK9AAAACXBIWXMAAAsTAAALEwEAmpwYAAAAL0lEQVR4nO3OoQEAMAjEwNL9d348JhJEboKrJO+Svx2YDBFDxBAxRAwRQ8QQMUQaNPcDIebcD2wAAAAASUVORK5CYII="" />",1,0,"<img loading=lazy src=""data:image/png;base64, iVBORw0KGgoAAAANSUhEUgAAACQAAAASCAYAAAAzI3woAAAAOXRFWHRTb2Z0d2FyZQBNYXRwbG90bGliIHZlcnNpb24zLjUuMSwgaHR0cHM6Ly9tYXRwbG90bGliLm9yZy/YYfK9AAAACXBIWXMAAAsTAAALEwEAmpwYAAAAL0lEQVR4nO3OoQEAMAjEwNL9d348JhJEboKrJO+Svx2YDBFDxBAxRAwRQ8QQMUQaNPcDIebcD2wAAAAASUVORK5CYII="" />",3980,0,https://www.cardrush-pokemon.jp/product/24414,"<img loading=lazy src=""data:image/png;base64, iVBORw0KGgoAAAANSUhEUgAAACQAAAASCAYAAAAzI3woAAAAOXRFWHRTb2Z0d2FyZQBNYXRwbG90bGliIHZlcnNpb24zLjUuMSwgaHR0cHM6Ly9tYXRwbG90bGliLm9yZy/YYfK9AAAACXBIWXMAAAsTAAALEwEAmpwYAAAAL0lEQVR4nO3OoQEAMAjEwNL9d348JhJEboKrJO+Svx2YDBFDxBAxRAwRQ8QQMUQaNPcDIebcD2wAAAAASUVORK5CYII="" />",2,0,"<img loading=lazy src=""data:image/png;base64, iVBORw0KGgoAAAANSUhEUgAAACQAAAASCAYAAAAzI3woAAAAOXRFWHRTb2Z0d2FyZQBNYXRwbG90bGliIHZlcnNpb24zLjUuMSwgaHR0cHM6Ly9tYXRwbG90bGliLm9yZy/YYfK9AAAACXBIWXMAAAsTAAALEwEAmpwYAAAAL0lEQVR4nO3OoQEAMAjEwNL9d348JhJEboKrJO+Svx2YDBFDxBAxRAwRQ8QQMUQaNPcDIebcD2wAAAAASUVORK5CYII="" />",3480,0,https://www.bigweb.co.jp/ver2/pd2.php?card_id=3210604,"<img loading=lazy src=""data:image/png;base64, iVBORw0KGgoAAAANSUhEUgAAACQAAAASCAYAAAAzI3woAAAAOXRFWHRTb2Z0d2FyZQBNYXRwbG90bGliIHZlcnNpb24zLjUuMSwgaHR0cHM6Ly9tYXRwbG90bGliLm9yZy/YYfK9AAAACXBIWXMAAAsTAAALEwEAmpwYAAAAL0lEQVR4nO3OoQEAMAjEwNL9d348JhJEboKrJO+Svx2YDBFDxBAxRAwRQ8QQMUQaNPcDIebcD2wAAAAASUVORK5CYII="" />",24,0,"<img loading=lazy src=""data:image/png;base64, iVBORw0KGgoAAAANSUhEUgAAACQAAAASCAYAAAAzI3woAAAAOXRFWHRTb2Z0d2FyZQBNYXRwbG90bGliIHZlcnNpb24zLjUuMSwgaHR0cHM6Ly9tYXRwbG90bGliLm9yZy/YYfK9AAAACXBIWXMAAAsTAAALEwEAmpwYAAAAL0lEQVR4nO3OoQEAMAjEwNL9d348JhJEboKrJO+Svx2YDBFDxBAxRAwRQ8QQMUQaNPcDIebcD2wAAAAASUVORK5CYII="" />",2480,0,https://yuyu-tei.jp/game_poc/carddetail/cardpreview.php?VER=s08b&CID=10102&MODE=sell,"<img loading=lazy src=""data:image/png;base64, iVBORw0KGgoAAAANSUhEUgAAACQAAAASCAYAAAAzI3woAAAAOXRFWHRTb2Z0d2FyZQBNYXRwbG90bGliIHZlcnNpb24zLjUuMSwgaHR0cHM6Ly9tYXRwbG90bGliLm9yZy/YYfK9AAAACXBIWXMAAAsTAAALEwEAmpwYAAAAL0lEQVR4nO3OoQEAMAjEwNL9d348JhJEboKrJO+Svx2YDBFDxBAxRAwRQ8QQMUQaNPcDIebcD2wAAAAASUVORK5CYII="" />",0,0,"<img loading=lazy src=""data:image/png;base64, iVBORw0KGgoAAAANSUhEUgAAACQAAAASCAYAAAAzI3woAAAAOXRFWHRTb2Z0d2FyZQBNYXRwbG90bGliIHZlcnNpb24zLjUuMSwgaHR0cHM6Ly9tYXRwbG90bGliLm9yZy/YYfK9AAAACXBIWXMAAAsTAAALEwEAmpwYAAAAL0lEQVR4nO3OoQEAMAjEwNL9d348JhJEboKrJO+Svx2YDBFDxBAxRAwRQ8QQMUQaNPcDIebcD2wAAAAASUVORK5CYII="" />",2980,0,https://www.c-labo-online.jp/product/186474,"<img loading=lazy src=""data:image/png;base64, iVBORw0KGgoAAAANSUhEUgAAACQAAAASCAYAAAAzI3woAAAAOXRFWHRTb2Z0d2FyZQBNYXRwbG90bGliIHZlcnNpb24zLjUuMSwgaHR0cHM6Ly9tYXRwbG90bGliLm9yZy/YYfK9AAAACXBIWXMAAAsTAAALEwEAmpwYAAAAL0lEQVR4nO3OoQEAMAjEwNL9d348JhJEboKrJO+Svx2YDBFDxBAxRAwRQ8QQMUQaNPcDIebcD2wAAAAASUVORK5CYII="" />",1.0,0.0,"<img loading=lazy src=""data:image/png;base64, iVBORw0KGgoAAAANSUhEUgAAACQAAAASCAYAAAAzI3woAAAAOXRFWHRTb2Z0d2FyZQBNYXRwbG90bGliIHZlcnNpb24zLjUuMSwgaHR0cHM6Ly9tYXRwbG90bGliLm9yZy/YYfK9AAAACXBIWXMAAAsTAAALEwEAmpwYAAAAL0lEQVR4nO3OoQEAMAjEwNL9d348JhJEboKrJO+Svx2YDBFDxBAxRAwRQ8QQMUQaNPcDIebcD2wAAAAASUVORK5CYII="" />",4280.0,0.0
2,103,リザードンV,SR,https://shopping.fullcomp.jp//shopdetail/000000048521/p_s9/page1/order/,"<img loading=lazy src=""data:image/png;base64, iVBORw0KGgoAAAANSUhEUgAAACQAAAASCAYAAAAzI3woAAAAOXRFWHRTb2Z0d2FyZQBNYXRwbG90bGliIHZlcnNpb24zLjUuMSwgaHR0cHM6Ly9tYXRwbG90bGliLm9yZy/YYfK9AAAACXBIWXMAAAsTAAALEwEAmpwYAAAAL0lEQVR4nO3OoQEAMAjEwNL9d348JhJEboKrJO+Svx2YDBFDxBAxRAwRQ8QQMUQaNPcDIebcD2wAAAAASUVORK5CYII="" />",2,0,"<img loading=lazy src=""data:image/png;base64, iVBORw0KGgoAAAANSUhEUgAAACQAAAASCAYAAAAzI3woAAAAOXRFWHRTb2Z0d2FyZQBNYXRwbG90bGliIHZlcnNpb24zLjUuMSwgaHR0cHM6Ly9tYXRwbG90bGliLm9yZy/YYfK9AAAACXBIWXMAAAsTAAALEwEAmpwYAAAAL0lEQVR4nO3OoQEAMAjEwNL9d348JhJEboKrJO+Svx2YDBFDxBAxRAwRQ8QQMUQaNPcDIebcD2wAAAAASUVORK5CYII="" />",13800,0,https://www.cardrush-pokemon.jp/product/24415,"<img loading=lazy src=""data:image/png;base64, iVBORw0KGgoAAAANSUhEUgAAACQAAAASCAYAAAAzI3woAAAAOXRFWHRTb2Z0d2FyZQBNYXRwbG90bGliIHZlcnNpb24zLjUuMSwgaHR0cHM6Ly9tYXRwbG90bGliLm9yZy/YYfK9AAAACXBIWXMAAAsTAAALEwEAmpwYAAAAL0lEQVR4nO3OoQEAMAjEwNL9d348JhJEboKrJO+Svx2YDBFDxBAxRAwRQ8QQMUQaNPcDIebcD2wAAAAASUVORK5CYII="" />",1,0,"<img loading=lazy src=""data:image/png;base64, iVBORw0KGgoAAAANSUhEUgAAACQAAAASCAYAAAAzI3woAAAAOXRFWHRTb2Z0d2FyZQBNYXRwbG90bGliIHZlcnNpb24zLjUuMSwgaHR0cHM6Ly9tYXRwbG90bGliLm9yZy/YYfK9AAAACXBIWXMAAAsTAAALEwEAmpwYAAAAL0lEQVR4nO3OoQEAMAjEwNL9d348JhJEboKrJO+Svx2YDBFDxBAxRAwRQ8QQMUQaNPcDIebcD2wAAAAASUVORK5CYII="" />",12800,0,https://www.bigweb.co.jp/ver2/pd2.php?card_id=3210605,"<img loading=lazy src=""data:image/png;base64, iVBORw0KGgoAAAANSUhEUgAAACQAAAASCAYAAAAzI3woAAAAOXRFWHRTb2Z0d2FyZQBNYXRwbG90bGliIHZlcnNpb24zLjUuMSwgaHR0cHM6Ly9tYXRwbG90bGliLm9yZy/YYfK9AAAACXBIWXMAAAsTAAALEwEAmpwYAAAAL0lEQVR4nO3OoQEAMAjEwNL9d348JhJEboKrJO+Svx2YDBFDxBAxRAwRQ8QQMUQaNPcDIebcD2wAAAAASUVORK5CYII="" />",100,0,"<img loading=lazy src=""data:image/png;base64, iVBORw0KGgoAAAANSUhEUgAAACQAAAASCAYAAAAzI3woAAAAOXRFWHRTb2Z0d2FyZQBNYXRwbG90bGliIHZlcnNpb24zLjUuMSwgaHR0cHM6Ly9tYXRwbG90bGliLm9yZy/YYfK9AAAACXBIWXMAAAsTAAALEwEAmpwYAAAAL0lEQVR4nO3OoQEAMAjEwNL9d348JhJEboKrJO+Svx2YDBFDxBAxRAwRQ8QQMUQaNPcDIebcD2wAAAAASUVORK5CYII="" />",9980,0,https://yuyu-tei.jp/game_poc/carddetail/cardpreview.php?VER=s08b&CID=10103&MODE=sell,"<img loading=lazy src=""data:image/png;base64, iVBORw0KGgoAAAANSUhEUgAAACQAAAASCAYAAAAzI3woAAAAOXRFWHRTb2Z0d2FyZQBNYXRwbG90bGliIHZlcnNpb24zLjUuMSwgaHR0cHM6Ly9tYXRwbG90bGliLm9yZy/YYfK9AAAACXBIWXMAAAsTAAALEwEAmpwYAAAAL0lEQVR4nO3OoQEAMAjEwNL9d348JhJEboKrJO+Svx2YDBFDxBAxRAwRQ8QQMUQaNPcDIebcD2wAAAAASUVORK5CYII="" />",0,0,"<img loading=lazy src=""data:image/png;base64, iVBORw0KGgoAAAANSUhEUgAAACQAAAASCAYAAAAzI3woAAAAOXRFWHRTb2Z0d2FyZQBNYXRwbG90bGliIHZlcnNpb24zLjUuMSwgaHR0cHM6Ly9tYXRwbG90bGliLm9yZy/YYfK9AAAACXBIWXMAAAsTAAALEwEAmpwYAAAAL0lEQVR4nO3OoQEAMAjEwNL9d348JhJEboKrJO+Svx2YDBFDxBAxRAwRQ8QQMUQaNPcDIebcD2wAAAAASUVORK5CYII="" />",12800,0,https://www.c-labo-online.jp/product/186475,"<img loading=lazy src=""data:image/png;base64, iVBORw0KGgoAAAANSUhEUgAAACQAAAASCAYAAAAzI3woAAAAOXRFWHRTb2Z0d2FyZQBNYXRwbG90bGliIHZlcnNpb24zLjUuMSwgaHR0cHM6Ly9tYXRwbG90bGliLm9yZy/YYfK9AAAACXBIWXMAAAsTAAALEwEAmpwYAAAAL0lEQVR4nO3OoQEAMAjEwNL9d348JhJEboKrJO+Svx2YDBFDxBAxRAwRQ8QQMUQaNPcDIebcD2wAAAAASUVORK5CYII="" />",1.0,0.0,"<img loading=lazy src=""data:image/png;base64, iVBORw0KGgoAAAANSUhEUgAAACQAAAASCAYAAAAzI3woAAAAOXRFWHRTb2Z0d2FyZQBNYXRwbG90bGliIHZlcnNpb24zLjUuMSwgaHR0cHM6Ly9tYXRwbG90bGliLm9yZy/YYfK9AAAACXBIWXMAAAsTAAALEwEAmpwYAAAAL0lEQVR4nO3OoQEAMAjEwNL9d348JhJEboKrJO+Svx2YDBFDxBAxRAwRQ8QQMUQaNPcDIebcD2wAAAAASUVORK5CYII="" />",15800.0,0.0
3,104,ネオラントV,SR,https://shopping.fullcomp.jp//shopdetail/000000048522/p_s9/page1/order/,"<img loading=lazy src=""data:image/png;base64, iVBORw0KGgoAAAANSUhEUgAAACQAAAASCAYAAAAzI3woAAAAOXRFWHRTb2Z0d2FyZQBNYXRwbG90bGliIHZlcnNpb24zLjUuMSwgaHR0cHM6Ly9tYXRwbG90bGliLm9yZy/YYfK9AAAACXBIWXMAAAsTAAALEwEAmpwYAAAAL0lEQVR4nO3OoQEAMAjEwNL9d348JhJEboKrJO+Svx2YDBFDxBAxRAwRQ8QQMUQaNPcDIebcD2wAAAAASUVORK5CYII="" />",3,0,"<img loading=lazy src=""data:image/png;base64, iVBORw0KGgoAAAANSUhEUgAAACQAAAASCAYAAAAzI3woAAAAOXRFWHRTb2Z0d2FyZQBNYXRwbG90bGliIHZlcnNpb24zLjUuMSwgaHR0cHM6Ly9tYXRwbG90bGliLm9yZy/YYfK9AAAACXBIWXMAAAsTAAALEwEAmpwYAAAAL0lEQVR4nO3OoQEAMAjEwNL9d348JhJEboKrJO+Svx2YDBFDxBAxRAwRQ8QQMUQaNPcDIebcD2wAAAAASUVORK5CYII="" />",2780,0,https://www.cardrush-pokemon.jp/product/24416,"<img loading=lazy src=""data:image/png;base64, iVBORw0KGgoAAAANSUhEUgAAACQAAAASCAYAAAAzI3woAAAAOXRFWHRTb2Z0d2FyZQBNYXRwbG90bGliIHZlcnNpb24zLjUuMSwgaHR0cHM6Ly9tYXRwbG90bGliLm9yZy/YYfK9AAAACXBIWXMAAAsTAAALEwEAmpwYAAAAL0lEQVR4nO3OoQEAMAjEwNL9d348JhJEboKrJO+Svx2YDBFDxBAxRAwRQ8QQMUQaNPcDIebcD2wAAAAASUVORK5CYII="" />",8,0,"<img loading=lazy src=""data:image/png;base64, iVBORw0KGgoAAAANSUhEUgAAACQAAAASCAYAAAAzI3woAAAAOXRFWHRTb2Z0d2FyZQBNYXRwbG90bGliIHZlcnNpb24zLjUuMSwgaHR0cHM6Ly9tYXRwbG90bGliLm9yZy/YYfK9AAAACXBIWXMAAAsTAAALEwEAmpwYAAAAL0lEQVR4nO3OoQEAMAjEwNL9d348JhJEboKrJO+Svx2YDBFDxBAxRAwRQ8QQMUQaNPcDIebcD2wAAAAASUVORK5CYII="" />",2980,0,https://www.bigweb.co.jp/ver2/pd2.php?card_id=3210606,"<img loading=lazy src=""data:image/png;base64, iVBORw0KGgoAAAANSUhEUgAAACQAAAASCAYAAAAzI3woAAAAOXRFWHRTb2Z0d2FyZQBNYXRwbG90bGliIHZlcnNpb24zLjUuMSwgaHR0cHM6Ly9tYXRwbG90bGliLm9yZy/YYfK9AAAACXBIWXMAAAsTAAALEwEAmpwYAAAAL0lEQVR4nO3OoQEAMAjEwNL9d348JhJEboKrJO+Svx2YDBFDxBAxRAwRQ8QQMUQaNPcDIebcD2wAAAAASUVORK5CYII="" />",22,0,"<img loading=lazy src=""data:image/png;base64, iVBORw0KGgoAAAANSUhEUgAAACQAAAASCAYAAAAzI3woAAAAOXRFWHRTb2Z0d2FyZQBNYXRwbG90bGliIHZlcnNpb24zLjUuMSwgaHR0cHM6Ly9tYXRwbG90bGliLm9yZy/YYfK9AAAACXBIWXMAAAsTAAALEwEAmpwYAAAAL0lEQVR4nO3OoQEAMAjEwNL9d348JhJEboKrJO+Svx2YDBFDxBAxRAwRQ8QQMUQaNPcDIebcD2wAAAAASUVORK5CYII="" />",2280,0,https://yuyu-tei.jp/game_poc/carddetail/cardpreview.php?VER=s08b&CID=10104&MODE=sell,"<img loading=lazy src=""data:image/png;base64, iVBORw0KGgoAAAANSUhEUgAAACQAAAASCAYAAAAzI3woAAAAOXRFWHRTb2Z0d2FyZQBNYXRwbG90bGliIHZlcnNpb24zLjUuMSwgaHR0cHM6Ly9tYXRwbG90bGliLm9yZy/YYfK9AAAACXBIWXMAAAsTAAALEwEAmpwYAAAAL0lEQVR4nO3OoQEAMAjEwNL9d348JhJEboKrJO+Svx2YDBFDxBAxRAwRQ8QQMUQaNPcDIebcD2wAAAAASUVORK5CYII="" />",0,0,"<img loading=lazy src=""data:image/png;base64, iVBORw0KGgoAAAANSUhEUgAAACQAAAASCAYAAAAzI3woAAAAOXRFWHRTb2Z0d2FyZQBNYXRwbG90bGliIHZlcnNpb24zLjUuMSwgaHR0cHM6Ly9tYXRwbG90bGliLm9yZy/YYfK9AAAACXBIWXMAAAsTAAALEwEAmpwYAAAAL0lEQVR4nO3OoQEAMAjEwNL9d348JhJEboKrJO+Svx2YDBFDxBAxRAwRQ8QQMUQaNPcDIebcD2wAAAAASUVORK5CYII="" />",2480,0,https://www.c-labo-online.jp/product/186476,"<img loading=lazy src=""data:image/png;base64, iVBORw0KGgoAAAANSUhEUgAAACQAAAASCAYAAAAzI3woAAAAOXRFWHRTb2Z0d2FyZQBNYXRwbG90bGliIHZlcnNpb24zLjUuMSwgaHR0cHM6Ly9tYXRwbG90bGliLm9yZy/YYfK9AAAACXBIWXMAAAsTAAALEwEAmpwYAAAAL0lEQVR4nO3OoQEAMAjEwNL9d348JhJEboKrJO+Svx2YDBFDxBAxRAwRQ8QQMUQaNPcDIebcD2wAAAAASUVORK5CYII="" />",4.0,0.0,"<img loading=lazy src=""data:image/png;base64, iVBORw0KGgoAAAANSUhEUgAAACQAAAASCAYAAAAzI3woAAAAOXRFWHRTb2Z0d2FyZQBNYXRwbG90bGliIHZlcnNpb24zLjUuMSwgaHR0cHM6Ly9tYXRwbG90bGliLm9yZy/YYfK9AAAACXBIWXMAAAsTAAALEwEAmpwYAAAAL0lEQVR4nO3OoQEAMAjEwNL9d348JhJEboKrJO+Svx2YDBFDxBAxRAwRQ8QQMUQaNPcDIebcD2wAAAAASUVORK5CYII="" />",2980.0,0.0
4,105,ネオラントV,SR,https://shopping.fullcomp.jp//shopdetail/000000048523/p_s9/page1/order/,"<img loading=lazy src=""data:image/png;base64, iVBORw0KGgoAAAANSUhEUgAAACQAAAASCAYAAAAzI3woAAAAOXRFWHRTb2Z0d2FyZQBNYXRwbG90bGliIHZlcnNpb24zLjUuMSwgaHR0cHM6Ly9tYXRwbG90bGliLm9yZy/YYfK9AAAACXBIWXMAAAsTAAALEwEAmpwYAAAAL0lEQVR4nO3OoQEAMAjEwNL9d348JhJEboKrJO+Svx2YDBFDxBAxRAwRQ8QQMUQaNPcDIebcD2wAAAAASUVORK5CYII="" />",2,0,"<img loading=lazy src=""data:image/png;base64, iVBORw0KGgoAAAANSUhEUgAAACQAAAASCAYAAAAzI3woAAAAOXRFWHRTb2Z0d2FyZQBNYXRwbG90bGliIHZlcnNpb24zLjUuMSwgaHR0cHM6Ly9tYXRwbG90bGliLm9yZy/YYfK9AAAACXBIWXMAAAsTAAALEwEAmpwYAAAAL0lEQVR4nO3OoQEAMAjEwNL9d348JhJEboKrJO+Svx2YDBFDxBAxRAwRQ8QQMUQaNPcDIebcD2wAAAAASUVORK5CYII="" />",5980,0,https://www.cardrush-pokemon.jp/product/24417,"<img loading=lazy src=""data:image/png;base64, iVBORw0KGgoAAAANSUhEUgAAACQAAAASCAYAAAAzI3woAAAAOXRFWHRTb2Z0d2FyZQBNYXRwbG90bGliIHZlcnNpb24zLjUuMSwgaHR0cHM6Ly9tYXRwbG90bGliLm9yZy/YYfK9AAAACXBIWXMAAAsTAAALEwEAmpwYAAAAL0lEQVR4nO3OoQEAMAjEwNL9d348JhJEboKrJO+Svx2YDBFDxBAxRAwRQ8QQMUQaNPcDIebcD2wAAAAASUVORK5CYII="" />",7,0,"<img loading=lazy src=""data:image/png;base64, iVBORw0KGgoAAAANSUhEUgAAACQAAAASCAYAAAAzI3woAAAAOXRFWHRTb2Z0d2FyZQBNYXRwbG90bGliIHZlcnNpb24zLjUuMSwgaHR0cHM6Ly9tYXRwbG90bGliLm9yZy/YYfK9AAAACXBIWXMAAAsTAAALEwEAmpwYAAAAL0lEQVR4nO3OoQEAMAjEwNL9d348JhJEboKrJO+Svx2YDBFDxBAxRAwRQ8QQMUQaNPcDIebcD2wAAAAASUVORK5CYII="" />",6980,0,https://www.bigweb.co.jp/ver2/pd2.php?card_id=3210607,"<img loading=lazy src=""data:image/png;base64, iVBORw0KGgoAAAANSUhEUgAAACQAAAASCAYAAAAzI3woAAAAOXRFWHRTb2Z0d2FyZQBNYXRwbG90bGliIHZlcnNpb24zLjUuMSwgaHR0cHM6Ly9tYXRwbG90bGliLm9yZy/YYfK9AAAACXBIWXMAAAsTAAALEwEAmpwYAAAAL0lEQVR4nO3OoQEAMAjEwNL9d348JhJEboKrJO+Svx2YDBFDxBAxRAwRQ8QQMUQaNPcDIebcD2wAAAAASUVORK5CYII="" />",49,0,"<img loading=lazy src=""data:image/png;base64, iVBORw0KGgoAAAANSUhEUgAAACQAAAASCAYAAAAzI3woAAAAOXRFWHRTb2Z0d2FyZQBNYXRwbG90bGliIHZlcnNpb24zLjUuMSwgaHR0cHM6Ly9tYXRwbG90bGliLm9yZy/YYfK9AAAACXBIWXMAAAsTAAALEwEAmpwYAAAAL0lEQVR4nO3OoQEAMAjEwNL9d348JhJEboKrJO+Svx2YDBFDxBAxRAwRQ8QQMUQaNPcDIebcD2wAAAAASUVORK5CYII="" />",4980,0,https://yuyu-tei.jp/game_poc/carddetail/cardpreview.php?VER=s08b&CID=10105&MODE=sell,"<img loading=lazy src=""data:image/png;base64, iVBORw0KGgoAAAANSUhEUgAAACQAAAASCAYAAAAzI3woAAAAOXRFWHRTb2Z0d2FyZQBNYXRwbG90bGliIHZlcnNpb24zLjUuMSwgaHR0cHM6Ly9tYXRwbG90bGliLm9yZy/YYfK9AAAACXBIWXMAAAsTAAALEwEAmpwYAAAAL0lEQVR4nO3OoQEAMAjEwNL9d348JhJEboKrJO+Svx2YDBFDxBAxRAwRQ8QQMUQaNPcDIebcD2wAAAAASUVORK5CYII="" />",0,0,"<img loading=lazy src=""data:image/png;base64, iVBORw0KGgoAAAANSUhEUgAAACQAAAASCAYAAAAzI3woAAAAOXRFWHRTb2Z0d2FyZQBNYXRwbG90bGliIHZlcnNpb24zLjUuMSwgaHR0cHM6Ly9tYXRwbG90bGliLm9yZy/YYfK9AAAACXBIWXMAAAsTAAALEwEAmpwYAAAAL0lEQVR4nO3OoQEAMAjEwNL9d348JhJEboKrJO+Svx2YDBFDxBAxRAwRQ8QQMUQaNPcDIebcD2wAAAAASUVORK5CYII="" />",4980,0,https://www.c-labo-online.jp/product/186477,"<img loading=lazy src=""data:image/png;base64, iVBORw0KGgoAAAANSUhEUgAAACQAAAASCAYAAAAzI3woAAAAOXRFWHRTb2Z0d2FyZQBNYXRwbG90bGliIHZlcnNpb24zLjUuMSwgaHR0cHM6Ly9tYXRwbG90bGliLm9yZy/YYfK9AAAACXBIWXMAAAsTAAALEwEAmpwYAAAAL0lEQVR4nO3OoQEAMAjEwNL9d348JhJEboKrJO+Svx2YDBFDxBAxRAwRQ8QQMUQaNPcDIebcD2wAAAAASUVORK5CYII="" />",3.0,0.0,"<img loading=lazy src=""data:image/png;base64, iVBORw0KGgoAAAANSUhEUgAAACQAAAASCAYAAAAzI3woAAAAOXRFWHRTb2Z0d2FyZQBNYXRwbG90bGliIHZlcnNpb24zLjUuMSwgaHR0cHM6Ly9tYXRwbG90bGliLm9yZy/YYfK9AAAACXBIWXMAAAsTAAALEwEAmpwYAAAAL0lEQVR4nO3OoQEAMAjEwNL9d348JhJEboKrJO+Svx2YDBFDxBAxRAwRQ8QQMUQaNPcDIebcD2wAAAAASUVORK5CYII="" />",6780.0,0.0
5,106,ライチュウV,SR,https://shopping.fullcomp.jp//shopdetail/000000048524/p_s9/page1/order/,"<img loading=lazy src=""data:image/png;base64, iVBORw0KGgoAAAANSUhEUgAAACQAAAASCAYAAAAzI3woAAAAOXRFWHRTb2Z0d2FyZQBNYXRwbG90bGliIHZlcnNpb24zLjUuMSwgaHR0cHM6Ly9tYXRwbG90bGliLm9yZy/YYfK9AAAACXBIWXMAAAsTAAALEwEAmpwYAAAAL0lEQVR4nO3OoQEAMAjEwNL9d348JhJEboKrJO+Svx2YDBFDxBAxRAwRQ8QQMUQaNPcDIebcD2wAAAAASUVORK5CYII="" />",8,0,"<img loading=lazy src=""data:image/png;base64, iVBORw0KGgoAAAANSUhEUgAAACQAAAASCAYAAAAzI3woAAAAOXRFWHRTb2Z0d2FyZQBNYXRwbG90bGliIHZlcnNpb24zLjUuMSwgaHR0cHM6Ly9tYXRwbG90bGliLm9yZy/YYfK9AAAACXBIWXMAAAsTAAALEwEAmpwYAAAAL0lEQVR4nO3OoQEAMAjEwNL9d348JhJEboKrJO+Svx2YDBFDxBAxRAwRQ8QQMUQaNPcDIebcD2wAAAAASUVORK5CYII="" />",1379,0,https://www.cardrush-pokemon.jp/product/24418,"<img loading=lazy src=""data:image/png;base64, iVBORw0KGgoAAAANSUhEUgAAACQAAAASCAYAAAAzI3woAAAAOXRFWHRTb2Z0d2FyZQBNYXRwbG90bGliIHZlcnNpb24zLjUuMSwgaHR0cHM6Ly9tYXRwbG90bGliLm9yZy/YYfK9AAAACXBIWXMAAAsTAAALEwEAmpwYAAAAL0lEQVR4nO3OoQEAMAjEwNL9d348JhJEboKrJO+Svx2YDBFDxBAxRAwRQ8QQMUQaNPcDIebcD2wAAAAASUVORK5CYII="" />",14,0,"<img loading=lazy src=""data:image/png;base64, iVBORw0KGgoAAAANSUhEUgAAACQAAAASCAYAAAAzI3woAAAAOXRFWHRTb2Z0d2FyZQBNYXRwbG90bGliIHZlcnNpb24zLjUuMSwgaHR0cHM6Ly9tYXRwbG90bGliLm9yZy/YYfK9AAAACXBIWXMAAAsTAAALEwEAmpwYAAAAL0lEQVR4nO3OoQEAMAjEwNL9d348JhJEboKrJO+Svx2YDBFDxBAxRAwRQ8QQMUQaNPcDIebcD2wAAAAASUVORK5CYII="" />",1480,0,https://www.bigweb.co.jp/ver2/pd2.php?card_id=3210608,"<img loading=lazy src=""data:image/png;base64, iVBORw0KGgoAAAANSUhEUgAAACQAAAASCAYAAAAzI3woAAAAOXRFWHRTb2Z0d2FyZQBNYXRwbG90bGliIHZlcnNpb24zLjUuMSwgaHR0cHM6Ly9tYXRwbG90bGliLm9yZy/YYfK9AAAACXBIWXMAAAsTAAALEwEAmpwYAAAAL0lEQVR4nO3OoQEAMAjEwNL9d348JhJEboKrJO+Svx2YDBFDxBAxRAwRQ8QQMUQaNPcDIebcD2wAAAAASUVORK5CYII="" />",0,0,"<img loading=lazy src=""data:image/png;base64, iVBORw0KGgoAAAANSUhEUgAAACQAAAASCAYAAAAzI3woAAAAOXRFWHRTb2Z0d2FyZQBNYXRwbG90bGliIHZlcnNpb24zLjUuMSwgaHR0cHM6Ly9tYXRwbG90bGliLm9yZy/YYfK9AAAACXBIWXMAAAsTAAALEwEAmpwYAAAAL0lEQVR4nO3OoQEAMAjEwNL9d348JhJEboKrJO+Svx2YDBFDxBAxRAwRQ8QQMUQaNPcDIebcD2wAAAAASUVORK5CYII="" />",0,0,https://yuyu-tei.jp/game_poc/carddetail/cardpreview.php?VER=s08b&CID=10106&MODE=sell,"<img loading=lazy src=""data:image/png;base64, iVBORw0KGgoAAAANSUhEUgAAACQAAAASCAYAAAAzI3woAAAAOXRFWHRTb2Z0d2FyZQBNYXRwbG90bGliIHZlcnNpb24zLjUuMSwgaHR0cHM6Ly9tYXRwbG90bGliLm9yZy/YYfK9AAAACXBIWXMAAAsTAAALEwEAmpwYAAAAL0lEQVR4nO3OoQEAMAjEwNL9d348JhJEboKrJO+Svx2YDBFDxBAxRAwRQ8QQMUQaNPcDIebcD2wAAAAASUVORK5CYII="" />",15,0,"<img loading=lazy src=""data:image/png;base64, iVBORw0KGgoAAAANSUhEUgAAACQAAAASCAYAAAAzI3woAAAAOXRFWHRTb2Z0d2FyZQBNYXRwbG90bGliIHZlcnNpb24zLjUuMSwgaHR0cHM6Ly9tYXRwbG90bGliLm9yZy/YYfK9AAAACXBIWXMAAAsTAAALEwEAmpwYAAAAL0lEQVR4nO3OoQEAMAjEwNL9d348JhJEboKrJO+Svx2YDBFDxBAxRAwRQ8QQMUQaNPcDIebcD2wAAAAASUVORK5CYII="" />",1280,0,https://www.c-labo-online.jp/product/186478,"<img loading=lazy src=""data:image/png;base64, iVBORw0KGgoAAAANSUhEUgAAACQAAAASCAYAAAAzI3woAAAAOXRFWHRTb2Z0d2FyZQBNYXRwbG90bGliIHZlcnNpb24zLjUuMSwgaHR0cHM6Ly9tYXRwbG90bGliLm9yZy/YYfK9AAAACXBIWXMAAAsTAAALEwEAmpwYAAAAL0lEQVR4nO3OoQEAMAjEwNL9d348JhJEboKrJO+Svx2YDBFDxBAxRAwRQ8QQMUQaNPcDIebcD2wAAAAASUVORK5CYII="" />",7.0,0.0,"<img loading=lazy src=""data:image/png;base64, iVBORw0KGgoAAAANSUhEUgAAACQAAAASCAYAAAAzI3woAAAAOXRFWHRTb2Z0d2FyZQBNYXRwbG90bGliIHZlcnNpb24zLjUuMSwgaHR0cHM6Ly9tYXRwbG90bGliLm9yZy/YYfK9AAAACXBIWXMAAAsTAAALEwEAmpwYAAAAL0lEQVR4nO3OoQEAMAjEwNL9d348JhJEboKrJO+Svx2YDBFDxBAxRAwRQ8QQMUQaNPcDIebcD2wAAAAASUVORK5CYII="" />",1280.0,0.0
6,107,エルフーンV,SR,https://shopping.fullcomp.jp//shopdetail/000000048525/p_s9/page1/order/,"<img loading=lazy src=""data:image/png;base64, iVBORw0KGgoAAAANSUhEUgAAACQAAAASCAYAAAAzI3woAAAAOXRFWHRTb2Z0d2FyZQBNYXRwbG90bGliIHZlcnNpb24zLjUuMSwgaHR0cHM6Ly9tYXRwbG90bGliLm9yZy/YYfK9AAAACXBIWXMAAAsTAAALEwEAmpwYAAAAL0lEQVR4nO3OoQEAMAjEwNL9d348JhJEboKrJO+Svx2YDBFDxBAxRAwRQ8QQMUQaNPcDIebcD2wAAAAASUVORK5CYII="" />",4,0,"<img loading=lazy src=""data:image/png;base64, iVBORw0KGgoAAAANSUhEUgAAACQAAAASCAYAAAAzI3woAAAAOXRFWHRTb2Z0d2FyZQBNYXRwbG90bGliIHZlcnNpb24zLjUuMSwgaHR0cHM6Ly9tYXRwbG90bGliLm9yZy/YYfK9AAAACXBIWXMAAAsTAAALEwEAmpwYAAAAL0lEQVR4nO3OoQEAMAjEwNL9d348JhJEboKrJO+Svx2YDBFDxBAxRAwRQ8QQMUQaNPcDIebcD2wAAAAASUVORK5CYII="" />",880,0,https://www.cardrush-pokemon.jp/product/24419,"<img loading=lazy src=""data:image/png;base64, iVBORw0KGgoAAAANSUhEUgAAACQAAAASCAYAAAAzI3woAAAAOXRFWHRTb2Z0d2FyZQBNYXRwbG90bGliIHZlcnNpb24zLjUuMSwgaHR0cHM6Ly9tYXRwbG90bGliLm9yZy/YYfK9AAAACXBIWXMAAAsTAAALEwEAmpwYAAAAL0lEQVR4nO3OoQEAMAjEwNL9d348JhJEboKrJO+Svx2YDBFDxBAxRAwRQ8QQMUQaNPcDIebcD2wAAAAASUVORK5CYII="" />",11,0,"<img loading=lazy src=""data:image/png;base64, iVBORw0KGgoAAAANSUhEUgAAACQAAAASCAYAAAAzI3woAAAAOXRFWHRTb2Z0d2FyZQBNYXRwbG90bGliIHZlcnNpb24zLjUuMSwgaHR0cHM6Ly9tYXRwbG90bGliLm9yZy/YYfK9AAAACXBIWXMAAAsTAAALEwEAmpwYAAAAL0lEQVR4nO3OoQEAMAjEwNL9d348JhJEboKrJO+Svx2YDBFDxBAxRAwRQ8QQMUQaNPcDIebcD2wAAAAASUVORK5CYII="" />",980,0,https://www.bigweb.co.jp/ver2/pd2.php?card_id=3210609,"<img loading=lazy src=""data:image/png;base64, iVBORw0KGgoAAAANSUhEUgAAACQAAAASCAYAAAAzI3woAAAAOXRFWHRTb2Z0d2FyZQBNYXRwbG90bGliIHZlcnNpb24zLjUuMSwgaHR0cHM6Ly9tYXRwbG90bGliLm9yZy/YYfK9AAAACXBIWXMAAAsTAAALEwEAmpwYAAAAL0lEQVR4nO3OoQEAMAjEwNL9d348JhJEboKrJO+Svx2YDBFDxBAxRAwRQ8QQMUQaNPcDIebcD2wAAAAASUVORK5CYII="" />",22,0,"<img loading=lazy src=""data:image/png;base64, iVBORw0KGgoAAAANSUhEUgAAACQAAAASCAYAAAAzI3woAAAAOXRFWHRTb2Z0d2FyZQBNYXRwbG90bGliIHZlcnNpb24zLjUuMSwgaHR0cHM6Ly9tYXRwbG90bGliLm9yZy/YYfK9AAAACXBIWXMAAAsTAAALEwEAmpwYAAAAL0lEQVR4nO3OoQEAMAjEwNL9d348JhJEboKrJO+Svx2YDBFDxBAxRAwRQ8QQMUQaNPcDIebcD2wAAAAASUVORK5CYII="" />",720,0,https://yuyu-tei.jp/game_poc/carddetail/cardpreview.php?VER=s08b&CID=10107&MODE=sell,"<img loading=lazy src=""data:image/png;base64, iVBORw0KGgoAAAANSUhEUgAAACQAAAASCAYAAAAzI3woAAAAOXRFWHRTb2Z0d2FyZQBNYXRwbG90bGliIHZlcnNpb24zLjUuMSwgaHR0cHM6Ly9tYXRwbG90bGliLm9yZy/YYfK9AAAACXBIWXMAAAsTAAALEwEAmpwYAAAAL0lEQVR4nO3OoQEAMAjEwNL9d348JhJEboKrJO+Svx2YDBFDxBAxRAwRQ8QQMUQaNPcDIebcD2wAAAAASUVORK5CYII="" />",16,0,"<img loading=lazy src=""data:image/png;base64, iVBORw0KGgoAAAANSUhEUgAAACQAAAASCAYAAAAzI3woAAAAOXRFWHRTb2Z0d2FyZQBNYXRwbG90bGliIHZlcnNpb24zLjUuMSwgaHR0cHM6Ly9tYXRwbG90bGliLm9yZy/YYfK9AAAACXBIWXMAAAsTAAALEwEAmpwYAAAAL0lEQVR4nO3OoQEAMAjEwNL9d348JhJEboKrJO+Svx2YDBFDxBAxRAwRQ8QQMUQaNPcDIebcD2wAAAAASUVORK5CYII="" />",880,0,https://www.c-labo-online.jp/product/186479,"<img loading=lazy src=""data:image/png;base64, iVBORw0KGgoAAAANSUhEUgAAACQAAAASCAYAAAAzI3woAAAAOXRFWHRTb2Z0d2FyZQBNYXRwbG90bGliIHZlcnNpb24zLjUuMSwgaHR0cHM6Ly9tYXRwbG90bGliLm9yZy/YYfK9AAAACXBIWXMAAAsTAAALEwEAmpwYAAAAL0lEQVR4nO3OoQEAMAjEwNL9d348JhJEboKrJO+Svx2YDBFDxBAxRAwRQ8QQMUQaNPcDIebcD2wAAAAASUVORK5CYII="" />",8.0,0.0,"<img loading=lazy src=""data:image/png;base64, iVBORw0KGgoAAAANSUhEUgAAACQAAAASCAYAAAAzI3woAAAAOXRFWHRTb2Z0d2FyZQBNYXRwbG90bGliIHZlcnNpb24zLjUuMSwgaHR0cHM6Ly9tYXRwbG90bGliLm9yZy/YYfK9AAAACXBIWXMAAAsTAAALEwEAmpwYAAAAL0lEQVR4nO3OoQEAMAjEwNL9d348JhJEboKrJO+Svx2YDBFDxBAxRAwRQ8QQMUQaNPcDIebcD2wAAAAASUVORK5CYII="" />",780.0,0.0
7,108,ドンカラスV,SR,https://shopping.fullcomp.jp//shopdetail/000000048526/p_s9/page1/order/,"<img loading=lazy src=""data:image/png;base64, iVBORw0KGgoAAAANSUhEUgAAACQAAAASCAYAAAAzI3woAAAAOXRFWHRTb2Z0d2FyZQBNYXRwbG90bGliIHZlcnNpb24zLjUuMSwgaHR0cHM6Ly9tYXRwbG90bGliLm9yZy/YYfK9AAAACXBIWXMAAAsTAAALEwEAmpwYAAAAL0lEQVR4nO3OoQEAMAjEwNL9d348JhJEboKrJO+Svx2YDBFDxBAxRAwRQ8QQMUQaNPcDIebcD2wAAAAASUVORK5CYII="" />",3,0,"<img loading=lazy src=""data:image/png;base64, iVBORw0KGgoAAAANSUhEUgAAACQAAAASCAYAAAAzI3woAAAAOXRFWHRTb2Z0d2FyZQBNYXRwbG90bGliIHZlcnNpb24zLjUuMSwgaHR0cHM6Ly9tYXRwbG90bGliLm9yZy/YYfK9AAAACXBIWXMAAAsTAAALEwEAmpwYAAAAL0lEQVR4nO3OoQEAMAjEwNL9d348JhJEboKrJO+Svx2YDBFDxBAxRAwRQ8QQMUQaNPcDIebcD2wAAAAASUVORK5CYII="" />",680,0,https://www.cardrush-pokemon.jp/product/24420,"<img loading=lazy src=""data:image/png;base64, iVBORw0KGgoAAAANSUhEUgAAACQAAAASCAYAAAAzI3woAAAAOXRFWHRTb2Z0d2FyZQBNYXRwbG90bGliIHZlcnNpb24zLjUuMSwgaHR0cHM6Ly9tYXRwbG90bGliLm9yZy/YYfK9AAAACXBIWXMAAAsTAAALEwEAmpwYAAAAL0lEQVR4nO3OoQEAMAjEwNL9d348JhJEboKrJO+Svx2YDBFDxBAxRAwRQ8QQMUQaNPcDIebcD2wAAAAASUVORK5CYII="" />",9,0,"<img loading=lazy src=""data:image/png;base64, iVBORw0KGgoAAAANSUhEUgAAACQAAAASCAYAAAAzI3woAAAAOXRFWHRTb2Z0d2FyZQBNYXRwbG90bGliIHZlcnNpb24zLjUuMSwgaHR0cHM6Ly9tYXRwbG90bGliLm9yZy/YYfK9AAAACXBIWXMAAAsTAAALEwEAmpwYAAAAL0lEQVR4nO3OoQEAMAjEwNL9d348JhJEboKrJO+Svx2YDBFDxBAxRAwRQ8QQMUQaNPcDIebcD2wAAAAASUVORK5CYII="" />",680,0,https://www.bigweb.co.jp/ver2/pd2.php?card_id=3210610,"<img loading=lazy src=""data:image/png;base64, iVBORw0KGgoAAAANSUhEUgAAACQAAAASCAYAAAAzI3woAAAAOXRFWHRTb2Z0d2FyZQBNYXRwbG90bGliIHZlcnNpb24zLjUuMSwgaHR0cHM6Ly9tYXRwbG90bGliLm9yZy/YYfK9AAAACXBIWXMAAAsTAAALEwEAmpwYAAAAL0lEQVR4nO3OoQEAMAjEwNL9d348JhJEboKrJO+Svx2YDBFDxBAxRAwRQ8QQMUQaNPcDIebcD2wAAAAASUVORK5CYII="" />",0,0,"<img loading=lazy src=""data:image/png;base64, iVBORw0KGgoAAAANSUhEUgAAACQAAAASCAYAAAAzI3woAAAAOXRFWHRTb2Z0d2FyZQBNYXRwbG90bGliIHZlcnNpb24zLjUuMSwgaHR0cHM6Ly9tYXRwbG90bGliLm9yZy/YYfK9AAAACXBIWXMAAAsTAAALEwEAmpwYAAAAL0lEQVR4nO3OoQEAMAjEwNL9d348JhJEboKrJO+Svx2YDBFDxBAxRAwRQ8QQMUQaNPcDIebcD2wAAAAASUVORK5CYII="" />",0,0,https://yuyu-tei.jp/game_poc/carddetail/cardpreview.php?VER=s08b&CID=10108&MODE=sell,"<img loading=lazy src=""data:image/png;base64, iVBORw0KGgoAAAANSUhEUgAAACQAAAASCAYAAAAzI3woAAAAOXRFWHRTb2Z0d2FyZQBNYXRwbG90bGliIHZlcnNpb24zLjUuMSwgaHR0cHM6Ly9tYXRwbG90bGliLm9yZy/YYfK9AAAACXBIWXMAAAsTAAALEwEAmpwYAAAAL0lEQVR4nO3OoQEAMAjEwNL9d348JhJEboKrJO+Svx2YDBFDxBAxRAwRQ8QQMUQaNPcDIebcD2wAAAAASUVORK5CYII="" />",0,0,"<img loading=lazy src=""data:image/png;base64, iVBORw0KGgoAAAANSUhEUgAAACQAAAASCAYAAAAzI3woAAAAOXRFWHRTb2Z0d2FyZQBNYXRwbG90bGliIHZlcnNpb24zLjUuMSwgaHR0cHM6Ly9tYXRwbG90bGliLm9yZy/YYfK9AAAACXBIWXMAAAsTAAALEwEAmpwYAAAAL0lEQVR4nO3OoQEAMAjEwNL9d348JhJEboKrJO+Svx2YDBFDxBAxRAwRQ8QQMUQaNPcDIebcD2wAAAAASUVORK5CYII="" />",680,0,https://www.c-labo-online.jp/product/186480,"<img loading=lazy src=""data:image/png;base64, iVBORw0KGgoAAAANSUhEUgAAACQAAAASCAYAAAAzI3woAAAAOXRFWHRTb2Z0d2FyZQBNYXRwbG90bGliIHZlcnNpb24zLjUuMSwgaHR0cHM6Ly9tYXRwbG90bGliLm9yZy/YYfK9AAAACXBIWXMAAAsTAAALEwEAmpwYAAAAL0lEQVR4nO3OoQEAMAjEwNL9d348JhJEboKrJO+Svx2YDBFDxBAxRAwRQ8QQMUQaNPcDIebcD2wAAAAASUVORK5CYII="" />",3.0,0.0,"<img loading=lazy src=""data:image/png;base64, iVBORw0KGgoAAAANSUhEUgAAACQAAAASCAYAAAAzI3woAAAAOXRFWHRTb2Z0d2FyZQBNYXRwbG90bGliIHZlcnNpb24zLjUuMSwgaHR0cHM6Ly9tYXRwbG90bGliLm9yZy/YYfK9AAAACXBIWXMAAAsTAAALEwEAmpwYAAAAL0lEQVR4nO3OoQEAMAjEwNL9d348JhJEboKrJO+Svx2YDBFDxBAxRAwRQ8QQMUQaNPcDIebcD2wAAAAASUVORK5CYII="" />",680.0,0.0
8,109,ドンカラスV,SR,https://shopping.fullcomp.jp//shopdetail/000000048527/p_s9/page1/order/,"<img loading=lazy src=""data:image/png;base64, iVBORw0KGgoAAAANSUhEUgAAACQAAAASCAYAAAAzI3woAAAAOXRFWHRTb2Z0d2FyZQBNYXRwbG90bGliIHZlcnNpb24zLjUuMSwgaHR0cHM6Ly9tYXRwbG90bGliLm9yZy/YYfK9AAAACXBIWXMAAAsTAAALEwEAmpwYAAAAL0lEQVR4nO3OoQEAMAjEwNL9d348JhJEboKrJO+Svx2YDBFDxBAxRAwRQ8QQMUQaNPcDIebcD2wAAAAASUVORK5CYII="" />",2,0,"<img loading=lazy src=""data:image/png;base64, iVBORw0KGgoAAAANSUhEUgAAACQAAAASCAYAAAAzI3woAAAAOXRFWHRTb2Z0d2FyZQBNYXRwbG90bGliIHZlcnNpb24zLjUuMSwgaHR0cHM6Ly9tYXRwbG90bGliLm9yZy/YYfK9AAAACXBIWXMAAAsTAAALEwEAmpwYAAAAL0lEQVR4nO3OoQEAMAjEwNL9d348JhJEboKrJO+Svx2YDBFDxBAxRAwRQ8QQMUQaNPcDIebcD2wAAAAASUVORK5CYII="" />",1780,0,https://www.cardrush-pokemon.jp/product/24421,"<img loading=lazy src=""data:image/png;base64, iVBORw0KGgoAAAANSUhEUgAAACQAAAASCAYAAAAzI3woAAAAOXRFWHRTb2Z0d2FyZQBNYXRwbG90bGliIHZlcnNpb24zLjUuMSwgaHR0cHM6Ly9tYXRwbG90bGliLm9yZy/YYfK9AAAACXBIWXMAAAsTAAALEwEAmpwYAAAAL0lEQVR4nO3OoQEAMAjEwNL9d348JhJEboKrJO+Svx2YDBFDxBAxRAwRQ8QQMUQaNPcDIebcD2wAAAAASUVORK5CYII="" />",6,0,"<img loading=lazy src=""data:image/png;base64, iVBORw0KGgoAAAANSUhEUgAAACQAAAASCAYAAAAzI3woAAAAOXRFWHRTb2Z0d2FyZQBNYXRwbG90bGliIHZlcnNpb24zLjUuMSwgaHR0cHM6Ly9tYXRwbG90bGliLm9yZy/YYfK9AAAACXBIWXMAAAsTAAALEwEAmpwYAAAAL0lEQVR4nO3OoQEAMAjEwNL9d348JhJEboKrJO+Svx2YDBFDxBAxRAwRQ8QQMUQaNPcDIebcD2wAAAAASUVORK5CYII="" />",1980,0,https://www.bigweb.co.jp/ver2/pd2.php?card_id=3210611,"<img loading=lazy src=""data:image/png;base64, iVBORw0KGgoAAAANSUhEUgAAACQAAAASCAYAAAAzI3woAAAAOXRFWHRTb2Z0d2FyZQBNYXRwbG90bGliIHZlcnNpb24zLjUuMSwgaHR0cHM6Ly9tYXRwbG90bGliLm9yZy/YYfK9AAAACXBIWXMAAAsTAAALEwEAmpwYAAAAL0lEQVR4nO3OoQEAMAjEwNL9d348JhJEboKrJO+Svx2YDBFDxBAxRAwRQ8QQMUQaNPcDIebcD2wAAAAASUVORK5CYII="" />",0,0,"<img loading=lazy src=""data:image/png;base64, iVBORw0KGgoAAAANSUhEUgAAACQAAAASCAYAAAAzI3woAAAAOXRFWHRTb2Z0d2FyZQBNYXRwbG90bGliIHZlcnNpb24zLjUuMSwgaHR0cHM6Ly9tYXRwbG90bGliLm9yZy/YYfK9AAAACXBIWXMAAAsTAAALEwEAmpwYAAAAL0lEQVR4nO3OoQEAMAjEwNL9d348JhJEboKrJO+Svx2YDBFDxBAxRAwRQ8QQMUQaNPcDIebcD2wAAAAASUVORK5CYII="" />",0,0,https://yuyu-tei.jp/game_poc/carddetail/cardpreview.php?VER=s08b&CID=10109&MODE=sell,"<img loading=lazy src=""data:image/png;base64, iVBORw0KGgoAAAANSUhEUgAAACQAAAASCAYAAAAzI3woAAAAOXRFWHRTb2Z0d2FyZQBNYXRwbG90bGliIHZlcnNpb24zLjUuMSwgaHR0cHM6Ly9tYXRwbG90bGliLm9yZy/YYfK9AAAACXBIWXMAAAsTAAALEwEAmpwYAAAAL0lEQVR4nO3OoQEAMAjEwNL9d348JhJEboKrJO+Svx2YDBFDxBAxRAwRQ8QQMUQaNPcDIebcD2wAAAAASUVORK5CYII="" />",2,0,"<img loading=lazy src=""data:image/png;base64, iVBORw0KGgoAAAANSUhEUgAAACQAAAASCAYAAAAzI3woAAAAOXRFWHRTb2Z0d2FyZQBNYXRwbG90bGliIHZlcnNpb24zLjUuMSwgaHR0cHM6Ly9tYXRwbG90bGliLm9yZy/YYfK9AAAACXBIWXMAAAsTAAALEwEAmpwYAAAAL0lEQVR4nO3OoQEAMAjEwNL9d348JhJEboKrJO+Svx2YDBFDxBAxRAwRQ8QQMUQaNPcDIebcD2wAAAAASUVORK5CYII="" />",1980,0,https://www.c-labo-online.jp/product/186481,"<img loading=lazy src=""data:image/png;base64, iVBORw0KGgoAAAANSUhEUgAAACQAAAASCAYAAAAzI3woAAAAOXRFWHRTb2Z0d2FyZQBNYXRwbG90bGliIHZlcnNpb24zLjUuMSwgaHR0cHM6Ly9tYXRwbG90bGliLm9yZy/YYfK9AAAACXBIWXMAAAsTAAALEwEAmpwYAAAAL0lEQVR4nO3OoQEAMAjEwNL9d348JhJEboKrJO+Svx2YDBFDxBAxRAwRQ8QQMUQaNPcDIebcD2wAAAAASUVORK5CYII="" />",4.0,0.0,"<img loading=lazy src=""data:image/png;base64, iVBORw0KGgoAAAANSUhEUgAAACQAAAASCAYAAAAzI3woAAAAOXRFWHRTb2Z0d2FyZQBNYXRwbG90bGliIHZlcnNpb24zLjUuMSwgaHR0cHM6Ly9tYXRwbG90bGliLm9yZy/YYfK9AAAACXBIWXMAAAsTAAALEwEAmpwYAAAAL0lEQVR4nO3OoQEAMAjEwNL9d348JhJEboKrJO+Svx2YDBFDxBAxRAwRQ8QQMUQaNPcDIebcD2wAAAAASUVORK5CYII="" />",1980.0,0.0
9,110,フライゴンV,SR,https://shopping.fullcomp.jp//shopdetail/000000048528/p_s9/page1/order/,"<img loading=lazy src=""data:image/png;base64, iVBORw0KGgoAAAANSUhEUgAAACQAAAASCAYAAAAzI3woAAAAOXRFWHRTb2Z0d2FyZQBNYXRwbG90bGliIHZlcnNpb24zLjUuMSwgaHR0cHM6Ly9tYXRwbG90bGliLm9yZy/YYfK9AAAACXBIWXMAAAsTAAALEwEAmpwYAAAAL0lEQVR4nO3OoQEAMAjEwNL9d348JhJEboKrJO+Svx2YDBFDxBAxRAwRQ8QQMUQaNPcDIebcD2wAAAAASUVORK5CYII="" />",3,0,"<img loading=lazy src=""data:image/png;base64, iVBORw0KGgoAAAANSUhEUgAAACQAAAASCAYAAAAzI3woAAAAOXRFWHRTb2Z0d2FyZQBNYXRwbG90bGliIHZlcnNpb24zLjUuMSwgaHR0cHM6Ly9tYXRwbG90bGliLm9yZy/YYfK9AAAACXBIWXMAAAsTAAALEwEAmpwYAAAAL0lEQVR4nO3OoQEAMAjEwNL9d348JhJEboKrJO+Svx2YDBFDxBAxRAwRQ8QQMUQaNPcDIebcD2wAAAAASUVORK5CYII="" />",680,0,https://www.cardrush-pokemon.jp/product/24422,"<img loading=lazy src=""data:image/png;base64, iVBORw0KGgoAAAANSUhEUgAAACQAAAASCAYAAAAzI3woAAAAOXRFWHRTb2Z0d2FyZQBNYXRwbG90bGliIHZlcnNpb24zLjUuMSwgaHR0cHM6Ly9tYXRwbG90bGliLm9yZy/YYfK9AAAACXBIWXMAAAsTAAALEwEAmpwYAAAAL0lEQVR4nO3OoQEAMAjEwNL9d348JhJEboKrJO+Svx2YDBFDxBAxRAwRQ8QQMUQaNPcDIebcD2wAAAAASUVORK5CYII="" />",24,0,"<img loading=lazy src=""data:image/png;base64, iVBORw0KGgoAAAANSUhEUgAAACQAAAASCAYAAAAzI3woAAAAOXRFWHRTb2Z0d2FyZQBNYXRwbG90bGliIHZlcnNpb24zLjUuMSwgaHR0cHM6Ly9tYXRwbG90bGliLm9yZy/YYfK9AAAACXBIWXMAAAsTAAALEwEAmpwYAAAAL0lEQVR4nO3OoQEAMAjEwNL9d348JhJEboKrJO+Svx2YDBFDxBAxRAwRQ8QQMUQaNPcDIebcD2wAAAAASUVORK5CYII="" />",680,0,https://www.bigweb.co.jp/ver2/pd2.php?card_id=3210612,"<img loading=lazy src=""data:image/png;base64, iVBORw0KGgoAAAANSUhEUgAAACQAAAASCAYAAAAzI3woAAAAOXRFWHRTb2Z0d2FyZQBNYXRwbG90bGliIHZlcnNpb24zLjUuMSwgaHR0cHM6Ly9tYXRwbG90bGliLm9yZy/YYfK9AAAACXBIWXMAAAsTAAALEwEAmpwYAAAAL0lEQVR4nO3OoQEAMAjEwNL9d348JhJEboKrJO+Svx2YDBFDxBAxRAwRQ8QQMUQaNPcDIebcD2wAAAAASUVORK5CYII="" />",20,0,"<img loading=lazy src=""data:image/png;base64, iVBORw0KGgoAAAANSUhEUgAAACQAAAASCAYAAAAzI3woAAAAOXRFWHRTb2Z0d2FyZQBNYXRwbG90bGliIHZlcnNpb24zLjUuMSwgaHR0cHM6Ly9tYXRwbG90bGliLm9yZy/YYfK9AAAACXBIWXMAAAsTAAALEwEAmpwYAAAAL0lEQVR4nO3OoQEAMAjEwNL9d348JhJEboKrJO+Svx2YDBFDxBAxRAwRQ8QQMUQaNPcDIebcD2wAAAAASUVORK5CYII="" />",680,0,https://yuyu-tei.jp/game_poc/carddetail/cardpreview.php?VER=s08b&CID=10110&MODE=sell,"<img loading=lazy src=""data:image/png;base64, iVBORw0KGgoAAAANSUhEUgAAACQAAAASCAYAAAAzI3woAAAAOXRFWHRTb2Z0d2FyZQBNYXRwbG90bGliIHZlcnNpb24zLjUuMSwgaHR0cHM6Ly9tYXRwbG90bGliLm9yZy/YYfK9AAAACXBIWXMAAAsTAAALEwEAmpwYAAAAL0lEQVR4nO3OoQEAMAjEwNL9d348JhJEboKrJO+Svx2YDBFDxBAxRAwRQ8QQMUQaNPcDIebcD2wAAAAASUVORK5CYII="" />",7,0,"<img loading=lazy src=""data:image/png;base64, iVBORw0KGgoAAAANSUhEUgAAACQAAAASCAYAAAAzI3woAAAAOXRFWHRTb2Z0d2FyZQBNYXRwbG90bGliIHZlcnNpb24zLjUuMSwgaHR0cHM6Ly9tYXRwbG90bGliLm9yZy/YYfK9AAAACXBIWXMAAAsTAAALEwEAmpwYAAAAL0lEQVR4nO3OoQEAMAjEwNL9d348JhJEboKrJO+Svx2YDBFDxBAxRAwRQ8QQMUQaNPcDIebcD2wAAAAASUVORK5CYII="" />",680,0,https://www.c-labo-online.jp/product/186482,"<img loading=lazy src=""data:image/png;base64, iVBORw0KGgoAAAANSUhEUgAAACQAAAASCAYAAAAzI3woAAAAOXRFWHRTb2Z0d2FyZQBNYXRwbG90bGliIHZlcnNpb24zLjUuMSwgaHR0cHM6Ly9tYXRwbG90bGliLm9yZy/YYfK9AAAACXBIWXMAAAsTAAALEwEAmpwYAAAAL0lEQVR4nO3OoQEAMAjEwNL9d348JhJEboKrJO+Svx2YDBFDxBAxRAwRQ8QQMUQaNPcDIebcD2wAAAAASUVORK5CYII="" />",5.0,0.0,"<img loading=lazy src=""data:image/png;base64, iVBORw0KGgoAAAANSUhEUgAAACQAAAASCAYAAAAzI3woAAAAOXRFWHRTb2Z0d2FyZQBNYXRwbG90bGliIHZlcnNpb24zLjUuMSwgaHR0cHM6Ly9tYXRwbG90bGliLm9yZy/YYfK9AAAACXBIWXMAAAsTAAALEwEAmpwYAAAAL0lEQVR4nO3OoQEAMAjEwNL9d348JhJEboKrJO+Svx2YDBFDxBAxRAwRQ8QQMUQaNPcDIebcD2wAAAAASUVORK5CYII="" />",880.0,0.0
10,111,アルセウスV,SR,https://shopping.fullcomp.jp//shopdetail/000000048529/p_s9/page1/order/,"<img loading=lazy src=""data:image/png;base64, iVBORw0KGgoAAAANSUhEUgAAACQAAAASCAYAAAAzI3woAAAAOXRFWHRTb2Z0d2FyZQBNYXRwbG90bGliIHZlcnNpb24zLjUuMSwgaHR0cHM6Ly9tYXRwbG90bGliLm9yZy/YYfK9AAAACXBIWXMAAAsTAAALEwEAmpwYAAAAL0lEQVR4nO3OoQEAMAjEwNL9d348JhJEboKrJO+Svx2YDBFDxBAxRAwRQ8QQMUQaNPcDIebcD2wAAAAASUVORK5CYII="" />",2,0,"<img loading=lazy src=""data:image/png;base64, iVBORw0KGgoAAAANSUhEUgAAACQAAAASCAYAAAAzI3woAAAAOXRFWHRTb2Z0d2FyZQBNYXRwbG90bGliIHZlcnNpb24zLjUuMSwgaHR0cHM6Ly9tYXRwbG90bGliLm9yZy/YYfK9AAAACXBIWXMAAAsTAAALEwEAmpwYAAAAL0lEQVR4nO3OoQEAMAjEwNL9d348JhJEboKrJO+Svx2YDBFDxBAxRAwRQ8QQMUQaNPcDIebcD2wAAAAASUVORK5CYII="" />",3579,0,https://www.cardrush-pokemon.jp/product/24423,"<img loading=lazy src=""data:image/png;base64, iVBORw0KGgoAAAANSUhEUgAAACQAAAASCAYAAAAzI3woAAAAOXRFWHRTb2Z0d2FyZQBNYXRwbG90bGliIHZlcnNpb24zLjUuMSwgaHR0cHM6Ly9tYXRwbG90bGliLm9yZy/YYfK9AAAACXBIWXMAAAsTAAALEwEAmpwYAAAAL0lEQVR4nO3OoQEAMAjEwNL9d348JhJEboKrJO+Svx2YDBFDxBAxRAwRQ8QQMUQaNPcDIebcD2wAAAAASUVORK5CYII="" />",5,0,"<img loading=lazy src=""data:image/png;base64, iVBORw0KGgoAAAANSUhEUgAAACQAAAASCAYAAAAzI3woAAAAOXRFWHRTb2Z0d2FyZQBNYXRwbG90bGliIHZlcnNpb24zLjUuMSwgaHR0cHM6Ly9tYXRwbG90bGliLm9yZy/YYfK9AAAACXBIWXMAAAsTAAALEwEAmpwYAAAAL0lEQVR4nO3OoQEAMAjEwNL9d348JhJEboKrJO+Svx2YDBFDxBAxRAwRQ8QQMUQaNPcDIebcD2wAAAAASUVORK5CYII="" />",3780,0,https://www.bigweb.co.jp/ver2/pd2.php?card_id=3210613,"<img loading=lazy src=""data:image/png;base64, iVBORw0KGgoAAAANSUhEUgAAACQAAAASCAYAAAAzI3woAAAAOXRFWHRTb2Z0d2FyZQBNYXRwbG90bGliIHZlcnNpb24zLjUuMSwgaHR0cHM6Ly9tYXRwbG90bGliLm9yZy/YYfK9AAAACXBIWXMAAAsTAAALEwEAmpwYAAAAL0lEQVR4nO3OoQEAMAjEwNL9d348JhJEboKrJO+Svx2YDBFDxBAxRAwRQ8QQMUQaNPcDIebcD2wAAAAASUVORK5CYII="" />",27,0,"<img loading=lazy src=""data:image/png;base64, iVBORw0KGgoAAAANSUhEUgAAACQAAAASCAYAAAAzI3woAAAAOXRFWHRTb2Z0d2FyZQBNYXRwbG90bGliIHZlcnNpb24zLjUuMSwgaHR0cHM6Ly9tYXRwbG90bGliLm9yZy/YYfK9AAAACXBIWXMAAAsTAAALEwEAmpwYAAAAL0lEQVR4nO3OoQEAMAjEwNL9d348JhJEboKrJO+Svx2YDBFDxBAxRAwRQ8QQMUQaNPcDIebcD2wAAAAASUVORK5CYII="" />",2780,0,https://yuyu-tei.jp/game_poc/carddetail/cardpreview.php?VER=s08b&CID=10111&MODE=sell,"<img loading=lazy src=""data:image/png;base64, iVBORw0KGgoAAAANSUhEUgAAACQAAAASCAYAAAAzI3woAAAAOXRFWHRTb2Z0d2FyZQBNYXRwbG90bGliIHZlcnNpb24zLjUuMSwgaHR0cHM6Ly9tYXRwbG90bGliLm9yZy/YYfK9AAAACXBIWXMAAAsTAAALEwEAmpwYAAAAL0lEQVR4nO3OoQEAMAjEwNL9d348JhJEboKrJO+Svx2YDBFDxBAxRAwRQ8QQMUQaNPcDIebcD2wAAAAASUVORK5CYII="" />",0,0,"<img loading=lazy src=""data:image/png;base64, iVBORw0KGgoAAAANSUhEUgAAACQAAAASCAYAAAAzI3woAAAAOXRFWHRTb2Z0d2FyZQBNYXRwbG90bGliIHZlcnNpb24zLjUuMSwgaHR0cHM6Ly9tYXRwbG90bGliLm9yZy/YYfK9AAAACXBIWXMAAAsTAAALEwEAmpwYAAAAL0lEQVR4nO3OoQEAMAjEwNL9d348JhJEboKrJO+Svx2YDBFDxBAxRAwRQ8QQMUQaNPcDIebcD2wAAAAASUVORK5CYII="" />",2980,0,,,,,,,
11,112,アルセウスV,SR,https://shopping.fullcomp.jp//shopdetail/000000048530/p_s9/page1/order/,"<img loading=lazy src=""data:image/png;base64, iVBORw0KGgoAAAANSUhEUgAAACQAAAASCAYAAAAzI3woAAAAOXRFWHRTb2Z0d2FyZQBNYXRwbG90bGliIHZlcnNpb24zLjUuMSwgaHR0cHM6Ly9tYXRwbG90bGliLm9yZy/YYfK9AAAACXBIWXMAAAsTAAALEwEAmpwYAAAAL0lEQVR4nO3OoQEAMAjEwNL9d348JhJEboKrJO+Svx2YDBFDxBAxRAwRQ8QQMUQaNPcDIebcD2wAAAAASUVORK5CYII="" />",4,0,"<img loading=lazy src=""data:image/png;base64, iVBORw0KGgoAAAANSUhEUgAAACQAAAASCAYAAAAzI3woAAAAOXRFWHRTb2Z0d2FyZQBNYXRwbG90bGliIHZlcnNpb24zLjUuMSwgaHR0cHM6Ly9tYXRwbG90bGliLm9yZy/YYfK9AAAACXBIWXMAAAsTAAALEwEAmpwYAAAAL0lEQVR4nO3OoQEAMAjEwNL9d348JhJEboKrJO+Svx2YDBFDxBAxRAwRQ8QQMUQaNPcDIebcD2wAAAAASUVORK5CYII="" />",12800,0,https://www.cardrush-pokemon.jp/product/24424,"<img loading=lazy src=""data:image/png;base64, iVBORw0KGgoAAAANSUhEUgAAACQAAAASCAYAAAAzI3woAAAAOXRFWHRTb2Z0d2FyZQBNYXRwbG90bGliIHZlcnNpb24zLjUuMSwgaHR0cHM6Ly9tYXRwbG90bGliLm9yZy/YYfK9AAAACXBIWXMAAAsTAAALEwEAmpwYAAAAL0lEQVR4nO3OoQEAMAjEwNL9d348JhJEboKrJO+Svx2YDBFDxBAxRAwRQ8QQMUQaNPcDIebcD2wAAAAASUVORK5CYII="" />",17,0,"<img loading=lazy src=""data:image/png;base64, iVBORw0KGgoAAAANSUhEUgAAACQAAAASCAYAAAAzI3woAAAAOXRFWHRTb2Z0d2FyZQBNYXRwbG90bGliIHZlcnNpb24zLjUuMSwgaHR0cHM6Ly9tYXRwbG90bGliLm9yZy/YYfK9AAAACXBIWXMAAAsTAAALEwEAmpwYAAAAL0lEQVR4nO3OoQEAMAjEwNL9d348JhJEboKrJO+Svx2YDBFDxBAxRAwRQ8QQMUQaNPcDIebcD2wAAAAASUVORK5CYII="" />",11800,0,https://www.bigweb.co.jp/ver2/pd2.php?card_id=3210614,"<img loading=lazy src=""data:image/png;base64, iVBORw0KGgoAAAANSUhEUgAAACQAAAASCAYAAAAzI3woAAAAOXRFWHRTb2Z0d2FyZQBNYXRwbG90bGliIHZlcnNpb24zLjUuMSwgaHR0cHM6Ly9tYXRwbG90bGliLm9yZy/YYfK9AAAACXBIWXMAAAsTAAALEwEAmpwYAAAAL0lEQVR4nO3OoQEAMAjEwNL9d348JhJEboKrJO+Svx2YDBFDxBAxRAwRQ8QQMUQaNPcDIebcD2wAAAAASUVORK5CYII="" />",0,0,"<img loading=lazy src=""data:image/png;base64, iVBORw0KGgoAAAANSUhEUgAAACQAAAASCAYAAAAzI3woAAAAOXRFWHRTb2Z0d2FyZQBNYXRwbG90bGliIHZlcnNpb24zLjUuMSwgaHR0cHM6Ly9tYXRwbG90bGliLm9yZy/YYfK9AAAACXBIWXMAAAsTAAALEwEAmpwYAAAAL0lEQVR4nO3OoQEAMAjEwNL9d348JhJEboKrJO+Svx2YDBFDxBAxRAwRQ8QQMUQaNPcDIebcD2wAAAAASUVORK5CYII="" />",0,0,https://yuyu-tei.jp/game_poc/carddetail/cardpreview.php?VER=s08b&CID=10112&MODE=sell,"<img loading=lazy src=""data:image/png;base64, iVBORw0KGgoAAAANSUhEUgAAACQAAAASCAYAAAAzI3woAAAAOXRFWHRTb2Z0d2FyZQBNYXRwbG90bGliIHZlcnNpb24zLjUuMSwgaHR0cHM6Ly9tYXRwbG90bGliLm9yZy/YYfK9AAAACXBIWXMAAAsTAAALEwEAmpwYAAAAL0lEQVR4nO3OoQEAMAjEwNL9d348JhJEboKrJO+Svx2YDBFDxBAxRAwRQ8QQMUQaNPcDIebcD2wAAAAASUVORK5CYII="" />",0,0,"<img loading=lazy src=""data:image/png;base64, iVBORw0KGgoAAAANSUhEUgAAACQAAAASCAYAAAAzI3woAAAAOXRFWHRTb2Z0d2FyZQBNYXRwbG90bGliIHZlcnNpb24zLjUuMSwgaHR0cHM6Ly9tYXRwbG90bGliLm9yZy/YYfK9AAAACXBIWXMAAAsTAAALEwEAmpwYAAAAL0lEQVR4nO3OoQEAMAjEwNL9d348JhJEboKrJO+Svx2YDBFDxBAxRAwRQ8QQMUQaNPcDIebcD2wAAAAASUVORK5CYII="" />",12800,0,https://www.c-labo-online.jp/product/186484,"<img loading=lazy src=""data:image/png;base64, iVBORw0KGgoAAAANSUhEUgAAACQAAAASCAYAAAAzI3woAAAAOXRFWHRTb2Z0d2FyZQBNYXRwbG90bGliIHZlcnNpb24zLjUuMSwgaHR0cHM6Ly9tYXRwbG90bGliLm9yZy/YYfK9AAAACXBIWXMAAAsTAAALEwEAmpwYAAAAL0lEQVR4nO3OoQEAMAjEwNL9d348JhJEboKrJO+Svx2YDBFDxBAxRAwRQ8QQMUQaNPcDIebcD2wAAAAASUVORK5CYII="" />",4.0,0.0,"<img loading=lazy src=""data:image/png;base64, iVBORw0KGgoAAAANSUhEUgAAACQAAAASCAYAAAAzI3woAAAAOXRFWHRTb2Z0d2FyZQBNYXRwbG90bGliIHZlcnNpb24zLjUuMSwgaHR0cHM6Ly9tYXRwbG90bGliLm9yZy/YYfK9AAAACXBIWXMAAAsTAAALEwEAmpwYAAAAL0lEQVR4nO3OoQEAMAjEwNL9d348JhJEboKrJO+Svx2YDBFDxBAxRAwRQ8QQMUQaNPcDIebcD2wAAAAASUVORK5CYII="" />",11800.0,0.0
12,113,キャンプファイヤー,SR,https://shopping.fullcomp.jp//shopdetail/000000048531/p_s9/page1/order/,"<img loading=lazy src=""data:image/png;base64, iVBORw0KGgoAAAANSUhEUgAAACQAAAASCAYAAAAzI3woAAAAOXRFWHRTb2Z0d2FyZQBNYXRwbG90bGliIHZlcnNpb24zLjUuMSwgaHR0cHM6Ly9tYXRwbG90bGliLm9yZy/YYfK9AAAACXBIWXMAAAsTAAALEwEAmpwYAAAAL0lEQVR4nO3OoQEAMAjEwNL9d348JhJEboKrJO+Svx2YDBFDxBAxRAwRQ8QQMUQaNPcDIebcD2wAAAAASUVORK5CYII="" />",10,0,"<img loading=lazy src=""data:image/png;base64, iVBORw0KGgoAAAANSUhEUgAAACQAAAASCAYAAAAzI3woAAAAOXRFWHRTb2Z0d2FyZQBNYXRwbG90bGliIHZlcnNpb24zLjUuMSwgaHR0cHM6Ly9tYXRwbG90bGliLm9yZy/YYfK9AAAACXBIWXMAAAsTAAALEwEAmpwYAAAAL0lEQVR4nO3OoQEAMAjEwNL9d348JhJEboKrJO+Svx2YDBFDxBAxRAwRQ8QQMUQaNPcDIebcD2wAAAAASUVORK5CYII="" />",680,0,https://www.cardrush-pokemon.jp/product/24425,"<img loading=lazy src=""data:image/png;base64, iVBORw0KGgoAAAANSUhEUgAAACQAAAASCAYAAAAzI3woAAAAOXRFWHRTb2Z0d2FyZQBNYXRwbG90bGliIHZlcnNpb24zLjUuMSwgaHR0cHM6Ly9tYXRwbG90bGliLm9yZy/YYfK9AAAACXBIWXMAAAsTAAALEwEAmpwYAAAAL0lEQVR4nO3OoQEAMAjEwNL9d348JhJEboKrJO+Svx2YDBFDxBAxRAwRQ8QQMUQaNPcDIebcD2wAAAAASUVORK5CYII="" />",17,0,"<img loading=lazy src=""data:image/png;base64, iVBORw0KGgoAAAANSUhEUgAAACQAAAASCAYAAAAzI3woAAAAOXRFWHRTb2Z0d2FyZQBNYXRwbG90bGliIHZlcnNpb24zLjUuMSwgaHR0cHM6Ly9tYXRwbG90bGliLm9yZy/YYfK9AAAACXBIWXMAAAsTAAALEwEAmpwYAAAAL0lEQVR4nO3OoQEAMAjEwNL9d348JhJEboKrJO+Svx2YDBFDxBAxRAwRQ8QQMUQaNPcDIebcD2wAAAAASUVORK5CYII="" />",780,0,https://www.bigweb.co.jp/ver2/pd2.php?card_id=3210615,"<img loading=lazy src=""data:image/png;base64, iVBORw0KGgoAAAANSUhEUgAAACQAAAASCAYAAAAzI3woAAAAOXRFWHRTb2Z0d2FyZQBNYXRwbG90bGliIHZlcnNpb24zLjUuMSwgaHR0cHM6Ly9tYXRwbG90bGliLm9yZy/YYfK9AAAACXBIWXMAAAsTAAALEwEAmpwYAAAAL0lEQVR4nO3OoQEAMAjEwNL9d348JhJEboKrJO+Svx2YDBFDxBAxRAwRQ8QQMUQaNPcDIebcD2wAAAAASUVORK5CYII="" />",18,0,"<img loading=lazy src=""data:image/png;base64, iVBORw0KGgoAAAANSUhEUgAAACQAAAASCAYAAAAzI3woAAAAOXRFWHRTb2Z0d2FyZQBNYXRwbG90bGliIHZlcnNpb24zLjUuMSwgaHR0cHM6Ly9tYXRwbG90bGliLm9yZy/YYfK9AAAACXBIWXMAAAsTAAALEwEAmpwYAAAAL0lEQVR4nO3OoQEAMAjEwNL9d348JhJEboKrJO+Svx2YDBFDxBAxRAwRQ8QQMUQaNPcDIebcD2wAAAAASUVORK5CYII="" />",580,0,https://yuyu-tei.jp/game_poc/carddetail/cardpreview.php?VER=s08b&CID=10113&MODE=sell,"<img loading=lazy src=""data:image/png;base64, iVBORw0KGgoAAAANSUhEUgAAACQAAAASCAYAAAAzI3woAAAAOXRFWHRTb2Z0d2FyZQBNYXRwbG90bGliIHZlcnNpb24zLjUuMSwgaHR0cHM6Ly9tYXRwbG90bGliLm9yZy/YYfK9AAAACXBIWXMAAAsTAAALEwEAmpwYAAAAL0lEQVR4nO3OoQEAMAjEwNL9d348JhJEboKrJO+Svx2YDBFDxBAxRAwRQ8QQMUQaNPcDIebcD2wAAAAASUVORK5CYII="" />",12,0,"<img loading=lazy src=""data:image/png;base64, iVBORw0KGgoAAAANSUhEUgAAACQAAAASCAYAAAAzI3woAAAAOXRFWHRTb2Z0d2FyZQBNYXRwbG90bGliIHZlcnNpb24zLjUuMSwgaHR0cHM6Ly9tYXRwbG90bGliLm9yZy/YYfK9AAAACXBIWXMAAAsTAAALEwEAmpwYAAAAL0lEQVR4nO3OoQEAMAjEwNL9d348JhJEboKrJO+Svx2YDBFDxBAxRAwRQ8QQMUQaNPcDIebcD2wAAAAASUVORK5CYII="" />",680,0,https://www.c-labo-online.jp/product/186485,"<img loading=lazy src=""data:image/png;base64, iVBORw0KGgoAAAANSUhEUgAAACQAAAASCAYAAAAzI3woAAAAOXRFWHRTb2Z0d2FyZQBNYXRwbG90bGliIHZlcnNpb24zLjUuMSwgaHR0cHM6Ly9tYXRwbG90bGliLm9yZy/YYfK9AAAACXBIWXMAAAsTAAALEwEAmpwYAAAAL0lEQVR4nO3OoQEAMAjEwNL9d348JhJEboKrJO+Svx2YDBFDxBAxRAwRQ8QQMUQaNPcDIebcD2wAAAAASUVORK5CYII="" />",15.0,0.0,"<img loading=lazy src=""data:image/png;base64, iVBORw0KGgoAAAANSUhEUgAAACQAAAASCAYAAAAzI3woAAAAOXRFWHRTb2Z0d2FyZQBNYXRwbG90bGliIHZlcnNpb24zLjUuMSwgaHR0cHM6Ly9tYXRwbG90bGliLm9yZy/YYfK9AAAACXBIWXMAAAsTAAALEwEAmpwYAAAAL0lEQVR4nO3OoQEAMAjEwNL9d348JhJEboKrJO+Svx2YDBFDxBAxRAwRQ8QQMUQaNPcDIebcD2wAAAAASUVORK5CYII="" />",680.0,0.0
13,114,シロナの覇気,SR,https://shopping.fullcomp.jp//shopdetail/000000048532/p_s9/page1/order/,"<img loading=lazy src=""data:image/png;base64, iVBORw0KGgoAAAANSUhEUgAAACQAAAASCAYAAAAzI3woAAAAOXRFWHRTb2Z0d2FyZQBNYXRwbG90bGliIHZlcnNpb24zLjUuMSwgaHR0cHM6Ly9tYXRwbG90bGliLm9yZy/YYfK9AAAACXBIWXMAAAsTAAALEwEAmpwYAAAAL0lEQVR4nO3OoQEAMAjEwNL9d348JhJEboKrJO+Svx2YDBFDxBAxRAwRQ8QQMUQaNPcDIebcD2wAAAAASUVORK5CYII="" />",5,0,"<img loading=lazy src=""data:image/png;base64, iVBORw0KGgoAAAANSUhEUgAAACQAAAASCAYAAAAzI3woAAAAOXRFWHRTb2Z0d2FyZQBNYXRwbG90bGliIHZlcnNpb24zLjUuMSwgaHR0cHM6Ly9tYXRwbG90bGliLm9yZy/YYfK9AAAACXBIWXMAAAsTAAALEwEAmpwYAAAAL0lEQVR4nO3OoQEAMAjEwNL9d348JhJEboKrJO+Svx2YDBFDxBAxRAwRQ8QQMUQaNPcDIebcD2wAAAAASUVORK5CYII="" />",8979,0,https://www.cardrush-pokemon.jp/product/24426,"<img loading=lazy src=""data:image/png;base64, iVBORw0KGgoAAAANSUhEUgAAACQAAAASCAYAAAAzI3woAAAAOXRFWHRTb2Z0d2FyZQBNYXRwbG90bGliIHZlcnNpb24zLjUuMSwgaHR0cHM6Ly9tYXRwbG90bGliLm9yZy/YYfK9AAAACXBIWXMAAAsTAAALEwEAmpwYAAAAL0lEQVR4nO3OoQEAMAjEwNL9d348JhJEboKrJO+Svx2YDBFDxBAxRAwRQ8QQMUQaNPcDIebcD2wAAAAASUVORK5CYII="" />",4,0,"<img loading=lazy src=""data:image/png;base64, iVBORw0KGgoAAAANSUhEUgAAACQAAAASCAYAAAAzI3woAAAAOXRFWHRTb2Z0d2FyZQBNYXRwbG90bGliIHZlcnNpb24zLjUuMSwgaHR0cHM6Ly9tYXRwbG90bGliLm9yZy/YYfK9AAAACXBIWXMAAAsTAAALEwEAmpwYAAAAL0lEQVR4nO3OoQEAMAjEwNL9d348JhJEboKrJO+Svx2YDBFDxBAxRAwRQ8QQMUQaNPcDIebcD2wAAAAASUVORK5CYII="" />",8980,0,https://www.bigweb.co.jp/ver2/pd2.php?card_id=3210616,"<img loading=lazy src=""data:image/png;base64, iVBORw0KGgoAAAANSUhEUgAAACQAAAASCAYAAAAzI3woAAAAOXRFWHRTb2Z0d2FyZQBNYXRwbG90bGliIHZlcnNpb24zLjUuMSwgaHR0cHM6Ly9tYXRwbG90bGliLm9yZy/YYfK9AAAACXBIWXMAAAsTAAALEwEAmpwYAAAAL0lEQVR4nO3OoQEAMAjEwNL9d348JhJEboKrJO+Svx2YDBFDxBAxRAwRQ8QQMUQaNPcDIebcD2wAAAAASUVORK5CYII="" />",195,0,"<img loading=lazy src=""data:image/png;base64, iVBORw0KGgoAAAANSUhEUgAAACQAAAASCAYAAAAzI3woAAAAOXRFWHRTb2Z0d2FyZQBNYXRwbG90bGliIHZlcnNpb24zLjUuMSwgaHR0cHM6Ly9tYXRwbG90bGliLm9yZy/YYfK9AAAACXBIWXMAAAsTAAALEwEAmpwYAAAAL0lEQVR4nO3OoQEAMAjEwNL9d348JhJEboKrJO+Svx2YDBFDxBAxRAwRQ8QQMUQaNPcDIebcD2wAAAAASUVORK5CYII="" />",6480,0,https://yuyu-tei.jp/game_poc/carddetail/cardpreview.php?VER=s08b&CID=10114&MODE=sell,"<img loading=lazy src=""data:image/png;base64, iVBORw0KGgoAAAANSUhEUgAAACQAAAASCAYAAAAzI3woAAAAOXRFWHRTb2Z0d2FyZQBNYXRwbG90bGliIHZlcnNpb24zLjUuMSwgaHR0cHM6Ly9tYXRwbG90bGliLm9yZy/YYfK9AAAACXBIWXMAAAsTAAALEwEAmpwYAAAAL0lEQVR4nO3OoQEAMAjEwNL9d348JhJEboKrJO+Svx2YDBFDxBAxRAwRQ8QQMUQaNPcDIebcD2wAAAAASUVORK5CYII="" />",3,0,"<img loading=lazy src=""data:image/png;base64, iVBORw0KGgoAAAANSUhEUgAAACQAAAASCAYAAAAzI3woAAAAOXRFWHRTb2Z0d2FyZQBNYXRwbG90bGliIHZlcnNpb24zLjUuMSwgaHR0cHM6Ly9tYXRwbG90bGliLm9yZy/YYfK9AAAACXBIWXMAAAsTAAALEwEAmpwYAAAAL0lEQVR4nO3OoQEAMAjEwNL9d348JhJEboKrJO+Svx2YDBFDxBAxRAwRQ8QQMUQaNPcDIebcD2wAAAAASUVORK5CYII="" />",7980,0,https://www.c-labo-online.jp/product/186486,"<img loading=lazy src=""data:image/png;base64, iVBORw0KGgoAAAANSUhEUgAAACQAAAASCAYAAAAzI3woAAAAOXRFWHRTb2Z0d2FyZQBNYXRwbG90bGliIHZlcnNpb24zLjUuMSwgaHR0cHM6Ly9tYXRwbG90bGliLm9yZy/YYfK9AAAACXBIWXMAAAsTAAALEwEAmpwYAAAAL0lEQVR4nO3OoQEAMAjEwNL9d348JhJEboKrJO+Svx2YDBFDxBAxRAwRQ8QQMUQaNPcDIebcD2wAAAAASUVORK5CYII="" />",5.0,0.0,"<img loading=lazy src=""data:image/png;base64, iVBORw0KGgoAAAANSUhEUgAAACQAAAASCAYAAAAzI3woAAAAOXRFWHRTb2Z0d2FyZQBNYXRwbG90bGliIHZlcnNpb24zLjUuMSwgaHR0cHM6Ly9tYXRwbG90bGliLm9yZy/YYfK9AAAACXBIWXMAAAsTAAALEwEAmpwYAAAAL0lEQVR4nO3OoQEAMAjEwNL9d348JhJEboKrJO+Svx2YDBFDxBAxRAwRQ8QQMUQaNPcDIebcD2wAAAAASUVORK5CYII="" />",8980.0,0.0
14,115,チェレンの気くばり,SR,https://shopping.fullcomp.jp//shopdetail/000000048533/p_s9/page1/order/,"<img loading=lazy src=""data:image/png;base64, iVBORw0KGgoAAAANSUhEUgAAACQAAAASCAYAAAAzI3woAAAAOXRFWHRTb2Z0d2FyZQBNYXRwbG90bGliIHZlcnNpb24zLjUuMSwgaHR0cHM6Ly9tYXRwbG90bGliLm9yZy/YYfK9AAAACXBIWXMAAAsTAAALEwEAmpwYAAAAL0lEQVR4nO3OoQEAMAjEwNL9d348JhJEboKrJO+Svx2YDBFDxBAxRAwRQ8QQMUQaNPcDIebcD2wAAAAASUVORK5CYII="" />",7,0,"<img loading=lazy src=""data:image/png;base64, iVBORw0KGgoAAAANSUhEUgAAACQAAAASCAYAAAAzI3woAAAAOXRFWHRTb2Z0d2FyZQBNYXRwbG90bGliIHZlcnNpb24zLjUuMSwgaHR0cHM6Ly9tYXRwbG90bGliLm9yZy/YYfK9AAAACXBIWXMAAAsTAAALEwEAmpwYAAAAL0lEQVR4nO3OoQEAMAjEwNL9d348JhJEboKrJO+Svx2YDBFDxBAxRAwRQ8QQMUQaNPcDIebcD2wAAAAASUVORK5CYII="" />",1780,0,https://www.cardrush-pokemon.jp/product/24427,"<img loading=lazy src=""data:image/png;base64, iVBORw0KGgoAAAANSUhEUgAAACQAAAASCAYAAAAzI3woAAAAOXRFWHRTb2Z0d2FyZQBNYXRwbG90bGliIHZlcnNpb24zLjUuMSwgaHR0cHM6Ly9tYXRwbG90bGliLm9yZy/YYfK9AAAACXBIWXMAAAsTAAALEwEAmpwYAAAAL0lEQVR4nO3OoQEAMAjEwNL9d348JhJEboKrJO+Svx2YDBFDxBAxRAwRQ8QQMUQaNPcDIebcD2wAAAAASUVORK5CYII="" />",14,0,"<img loading=lazy src=""data:image/png;base64, iVBORw0KGgoAAAANSUhEUgAAACQAAAASCAYAAAAzI3woAAAAOXRFWHRTb2Z0d2FyZQBNYXRwbG90bGliIHZlcnNpb24zLjUuMSwgaHR0cHM6Ly9tYXRwbG90bGliLm9yZy/YYfK9AAAACXBIWXMAAAsTAAALEwEAmpwYAAAAL0lEQVR4nO3OoQEAMAjEwNL9d348JhJEboKrJO+Svx2YDBFDxBAxRAwRQ8QQMUQaNPcDIebcD2wAAAAASUVORK5CYII="" />",1680,0,https://www.bigweb.co.jp/ver2/pd2.php?card_id=3210617,"<img loading=lazy src=""data:image/png;base64, iVBORw0KGgoAAAANSUhEUgAAACQAAAASCAYAAAAzI3woAAAAOXRFWHRTb2Z0d2FyZQBNYXRwbG90bGliIHZlcnNpb24zLjUuMSwgaHR0cHM6Ly9tYXRwbG90bGliLm9yZy/YYfK9AAAACXBIWXMAAAsTAAALEwEAmpwYAAAAL0lEQVR4nO3OoQEAMAjEwNL9d348JhJEboKrJO+Svx2YDBFDxBAxRAwRQ8QQMUQaNPcDIebcD2wAAAAASUVORK5CYII="" />",0,0,"<img loading=lazy src=""data:image/png;base64, iVBORw0KGgoAAAANSUhEUgAAACQAAAASCAYAAAAzI3woAAAAOXRFWHRTb2Z0d2FyZQBNYXRwbG90bGliIHZlcnNpb24zLjUuMSwgaHR0cHM6Ly9tYXRwbG90bGliLm9yZy/YYfK9AAAACXBIWXMAAAsTAAALEwEAmpwYAAAAL0lEQVR4nO3OoQEAMAjEwNL9d348JhJEboKrJO+Svx2YDBFDxBAxRAwRQ8QQMUQaNPcDIebcD2wAAAAASUVORK5CYII="" />",0,0,https://yuyu-tei.jp/game_poc/carddetail/cardpreview.php?VER=s08b&CID=10115&MODE=sell,"<img loading=lazy src=""data:image/png;base64, iVBORw0KGgoAAAANSUhEUgAAACQAAAASCAYAAAAzI3woAAAAOXRFWHRTb2Z0d2FyZQBNYXRwbG90bGliIHZlcnNpb24zLjUuMSwgaHR0cHM6Ly9tYXRwbG90bGliLm9yZy/YYfK9AAAACXBIWXMAAAsTAAALEwEAmpwYAAAAL0lEQVR4nO3OoQEAMAjEwNL9d348JhJEboKrJO+Svx2YDBFDxBAxRAwRQ8QQMUQaNPcDIebcD2wAAAAASUVORK5CYII="" />",2,0,"<img loading=lazy src=""data:image/png;base64, iVBORw0KGgoAAAANSUhEUgAAACQAAAASCAYAAAAzI3woAAAAOXRFWHRTb2Z0d2FyZQBNYXRwbG90bGliIHZlcnNpb24zLjUuMSwgaHR0cHM6Ly9tYXRwbG90bGliLm9yZy/YYfK9AAAACXBIWXMAAAsTAAALEwEAmpwYAAAAL0lEQVR4nO3OoQEAMAjEwNL9d348JhJEboKrJO+Svx2YDBFDxBAxRAwRQ8QQMUQaNPcDIebcD2wAAAAASUVORK5CYII="" />",1480,0,https://www.c-labo-online.jp/product/186487,"<img loading=lazy src=""data:image/png;base64, iVBORw0KGgoAAAANSUhEUgAAACQAAAASCAYAAAAzI3woAAAAOXRFWHRTb2Z0d2FyZQBNYXRwbG90bGliIHZlcnNpb24zLjUuMSwgaHR0cHM6Ly9tYXRwbG90bGliLm9yZy/YYfK9AAAACXBIWXMAAAsTAAALEwEAmpwYAAAAL0lEQVR4nO3OoQEAMAjEwNL9d348JhJEboKrJO+Svx2YDBFDxBAxRAwRQ8QQMUQaNPcDIebcD2wAAAAASUVORK5CYII="" />",8.0,0.0,"<img loading=lazy src=""data:image/png;base64, iVBORw0KGgoAAAANSUhEUgAAACQAAAASCAYAAAAzI3woAAAAOXRFWHRTb2Z0d2FyZQBNYXRwbG90bGliIHZlcnNpb24zLjUuMSwgaHR0cHM6Ly9tYXRwbG90bGliLm9yZy/YYfK9AAAACXBIWXMAAAsTAAALEwEAmpwYAAAAL0lEQVR4nO3OoQEAMAjEwNL9d348JhJEboKrJO+Svx2YDBFDxBAxRAwRQ8QQMUQaNPcDIebcD2wAAAAASUVORK5CYII="" />",1580.0,0.0
15,116,ハマナのバックアップ,SR,https://shopping.fullcomp.jp//shopdetail/000000048534/p_s9/page1/order/,"<img loading=lazy src=""data:image/png;base64, iVBORw0KGgoAAAANSUhEUgAAACQAAAASCAYAAAAzI3woAAAAOXRFWHRTb2Z0d2FyZQBNYXRwbG90bGliIHZlcnNpb24zLjUuMSwgaHR0cHM6Ly9tYXRwbG90bGliLm9yZy/YYfK9AAAACXBIWXMAAAsTAAALEwEAmpwYAAAAL0lEQVR4nO3OoQEAMAjEwNL9d348JhJEboKrJO+Svx2YDBFDxBAxRAwRQ8QQMUQaNPcDIebcD2wAAAAASUVORK5CYII="" />",3,0,"<img loading=lazy src=""data:image/png;base64, iVBORw0KGgoAAAANSUhEUgAAACQAAAASCAYAAAAzI3woAAAAOXRFWHRTb2Z0d2FyZQBNYXRwbG90bGliIHZlcnNpb24zLjUuMSwgaHR0cHM6Ly9tYXRwbG90bGliLm9yZy/YYfK9AAAACXBIWXMAAAsTAAALEwEAmpwYAAAAL0lEQVR4nO3OoQEAMAjEwNL9d348JhJEboKrJO+Svx2YDBFDxBAxRAwRQ8QQMUQaNPcDIebcD2wAAAAASUVORK5CYII="" />",2780,0,https://www.cardrush-pokemon.jp/product/24428,"<img loading=lazy src=""data:image/png;base64, iVBORw0KGgoAAAANSUhEUgAAACQAAAASCAYAAAAzI3woAAAAOXRFWHRTb2Z0d2FyZQBNYXRwbG90bGliIHZlcnNpb24zLjUuMSwgaHR0cHM6Ly9tYXRwbG90bGliLm9yZy/YYfK9AAAACXBIWXMAAAsTAAALEwEAmpwYAAAAL0lEQVR4nO3OoQEAMAjEwNL9d348JhJEboKrJO+Svx2YDBFDxBAxRAwRQ8QQMUQaNPcDIebcD2wAAAAASUVORK5CYII="" />",8,0,"<img loading=lazy src=""data:image/png;base64, iVBORw0KGgoAAAANSUhEUgAAACQAAAASCAYAAAAzI3woAAAAOXRFWHRTb2Z0d2FyZQBNYXRwbG90bGliIHZlcnNpb24zLjUuMSwgaHR0cHM6Ly9tYXRwbG90bGliLm9yZy/YYfK9AAAACXBIWXMAAAsTAAALEwEAmpwYAAAAL0lEQVR4nO3OoQEAMAjEwNL9d348JhJEboKrJO+Svx2YDBFDxBAxRAwRQ8QQMUQaNPcDIebcD2wAAAAASUVORK5CYII="" />",2480,0,https://www.bigweb.co.jp/ver2/pd2.php?card_id=3210618,"<img loading=lazy src=""data:image/png;base64, iVBORw0KGgoAAAANSUhEUgAAACQAAAASCAYAAAAzI3woAAAAOXRFWHRTb2Z0d2FyZQBNYXRwbG90bGliIHZlcnNpb24zLjUuMSwgaHR0cHM6Ly9tYXRwbG90bGliLm9yZy/YYfK9AAAACXBIWXMAAAsTAAALEwEAmpwYAAAAL0lEQVR4nO3OoQEAMAjEwNL9d348JhJEboKrJO+Svx2YDBFDxBAxRAwRQ8QQMUQaNPcDIebcD2wAAAAASUVORK5CYII="" />",0,0,"<img loading=lazy src=""data:image/png;base64, iVBORw0KGgoAAAANSUhEUgAAACQAAAASCAYAAAAzI3woAAAAOXRFWHRTb2Z0d2FyZQBNYXRwbG90bGliIHZlcnNpb24zLjUuMSwgaHR0cHM6Ly9tYXRwbG90bGliLm9yZy/YYfK9AAAACXBIWXMAAAsTAAALEwEAmpwYAAAAL0lEQVR4nO3OoQEAMAjEwNL9d348JhJEboKrJO+Svx2YDBFDxBAxRAwRQ8QQMUQaNPcDIebcD2wAAAAASUVORK5CYII="" />",0,0,https://yuyu-tei.jp/game_poc/carddetail/cardpreview.php?VER=s08b&CID=10116&MODE=sell,"<img loading=lazy src=""data:image/png;base64, iVBORw0KGgoAAAANSUhEUgAAACQAAAASCAYAAAAzI3woAAAAOXRFWHRTb2Z0d2FyZQBNYXRwbG90bGliIHZlcnNpb24zLjUuMSwgaHR0cHM6Ly9tYXRwbG90bGliLm9yZy/YYfK9AAAACXBIWXMAAAsTAAALEwEAmpwYAAAAL0lEQVR4nO3OoQEAMAjEwNL9d348JhJEboKrJO+Svx2YDBFDxBAxRAwRQ8QQMUQaNPcDIebcD2wAAAAASUVORK5CYII="" />",0,0,"<img loading=lazy src=""data:image/png;base64, iVBORw0KGgoAAAANSUhEUgAAACQAAAASCAYAAAAzI3woAAAAOXRFWHRTb2Z0d2FyZQBNYXRwbG90bGliIHZlcnNpb24zLjUuMSwgaHR0cHM6Ly9tYXRwbG90bGliLm9yZy/YYfK9AAAACXBIWXMAAAsTAAALEwEAmpwYAAAAL0lEQVR4nO3OoQEAMAjEwNL9d348JhJEboKrJO+Svx2YDBFDxBAxRAwRQ8QQMUQaNPcDIebcD2wAAAAASUVORK5CYII="" />",1980,0,https://www.c-labo-online.jp/product/186488,"<img loading=lazy src=""data:image/png;base64, iVBORw0KGgoAAAANSUhEUgAAACQAAAASCAYAAAAzI3woAAAAOXRFWHRTb2Z0d2FyZQBNYXRwbG90bGliIHZlcnNpb24zLjUuMSwgaHR0cHM6Ly9tYXRwbG90bGliLm9yZy/YYfK9AAAACXBIWXMAAAsTAAALEwEAmpwYAAAAL0lEQVR4nO3OoQEAMAjEwNL9d348JhJEboKrJO+Svx2YDBFDxBAxRAwRQ8QQMUQaNPcDIebcD2wAAAAASUVORK5CYII="" />",8.0,0.0,"<img loading=lazy src=""data:image/png;base64, iVBORw0KGgoAAAANSUhEUgAAACQAAAASCAYAAAAzI3woAAAAOXRFWHRTb2Z0d2FyZQBNYXRwbG90bGliIHZlcnNpb24zLjUuMSwgaHR0cHM6Ly9tYXRwbG90bGliLm9yZy/YYfK9AAAACXBIWXMAAAsTAAALEwEAmpwYAAAAL0lEQVR4nO3OoQEAMAjEwNL9d348JhJEboKrJO+Svx2YDBFDxBAxRAwRQ8QQMUQaNPcDIebcD2wAAAAASUVORK5CYII="" />",2280.0,0.0
16,117,シェイミVSTAR,HR,https://shopping.fullcomp.jp//shopdetail/000000048511/p_s9/page1/order/,"<img loading=lazy src=""data:image/png;base64, iVBORw0KGgoAAAANSUhEUgAAACQAAAASCAYAAAAzI3woAAAAOXRFWHRTb2Z0d2FyZQBNYXRwbG90bGliIHZlcnNpb24zLjUuMSwgaHR0cHM6Ly9tYXRwbG90bGliLm9yZy/YYfK9AAAACXBIWXMAAAsTAAALEwEAmpwYAAAAL0lEQVR4nO3OoQEAMAjEwNL9d348JhJEboKrJO+Svx2YDBFDxBAxRAwRQ8QQMUQaNPcDIebcD2wAAAAASUVORK5CYII="" />",2,0,"<img loading=lazy src=""data:image/png;base64, iVBORw0KGgoAAAANSUhEUgAAACQAAAASCAYAAAAzI3woAAAAOXRFWHRTb2Z0d2FyZQBNYXRwbG90bGliIHZlcnNpb24zLjUuMSwgaHR0cHM6Ly9tYXRwbG90bGliLm9yZy/YYfK9AAAACXBIWXMAAAsTAAALEwEAmpwYAAAAL0lEQVR4nO3OoQEAMAjEwNL9d348JhJEboKrJO+Svx2YDBFDxBAxRAwRQ8QQMUQaNPcDIebcD2wAAAAASUVORK5CYII="" />",1680,0,https://www.cardrush-pokemon.jp/product/24429,"<img loading=lazy src=""data:image/png;base64, iVBORw0KGgoAAAANSUhEUgAAACQAAAASCAYAAAAzI3woAAAAOXRFWHRTb2Z0d2FyZQBNYXRwbG90bGliIHZlcnNpb24zLjUuMSwgaHR0cHM6Ly9tYXRwbG90bGliLm9yZy/YYfK9AAAACXBIWXMAAAsTAAALEwEAmpwYAAAAL0lEQVR4nO3OoQEAMAjEwNL9d348JhJEboKrJO+Svx2YDBFDxBAxRAwRQ8QQMUQaNPcDIebcD2wAAAAASUVORK5CYII="" />",7,0,"<img loading=lazy src=""data:image/png;base64, iVBORw0KGgoAAAANSUhEUgAAACQAAAASCAYAAAAzI3woAAAAOXRFWHRTb2Z0d2FyZQBNYXRwbG90bGliIHZlcnNpb24zLjUuMSwgaHR0cHM6Ly9tYXRwbG90bGliLm9yZy/YYfK9AAAACXBIWXMAAAsTAAALEwEAmpwYAAAAL0lEQVR4nO3OoQEAMAjEwNL9d348JhJEboKrJO+Svx2YDBFDxBAxRAwRQ8QQMUQaNPcDIebcD2wAAAAASUVORK5CYII="" />",1580,0,https://www.bigweb.co.jp/ver2/pd2.php?card_id=3210595,"<img loading=lazy src=""data:image/png;base64, iVBORw0KGgoAAAANSUhEUgAAACQAAAASCAYAAAAzI3woAAAAOXRFWHRTb2Z0d2FyZQBNYXRwbG90bGliIHZlcnNpb24zLjUuMSwgaHR0cHM6Ly9tYXRwbG90bGliLm9yZy/YYfK9AAAACXBIWXMAAAsTAAALEwEAmpwYAAAAL0lEQVR4nO3OoQEAMAjEwNL9d348JhJEboKrJO+Svx2YDBFDxBAxRAwRQ8QQMUQaNPcDIebcD2wAAAAASUVORK5CYII="" />",0,0,"<img loading=lazy src=""data:image/png;base64, iVBORw0KGgoAAAANSUhEUgAAACQAAAASCAYAAAAzI3woAAAAOXRFWHRTb2Z0d2FyZQBNYXRwbG90bGliIHZlcnNpb24zLjUuMSwgaHR0cHM6Ly9tYXRwbG90bGliLm9yZy/YYfK9AAAACXBIWXMAAAsTAAALEwEAmpwYAAAAL0lEQVR4nO3OoQEAMAjEwNL9d348JhJEboKrJO+Svx2YDBFDxBAxRAwRQ8QQMUQaNPcDIebcD2wAAAAASUVORK5CYII="" />",0,0,https://yuyu-tei.jp/game_poc/carddetail/cardpreview.php?VER=s08b&CID=10117&MODE=sell,"<img loading=lazy src=""data:image/png;base64, iVBORw0KGgoAAAANSUhEUgAAACQAAAASCAYAAAAzI3woAAAAOXRFWHRTb2Z0d2FyZQBNYXRwbG90bGliIHZlcnNpb24zLjUuMSwgaHR0cHM6Ly9tYXRwbG90bGliLm9yZy/YYfK9AAAACXBIWXMAAAsTAAALEwEAmpwYAAAAL0lEQVR4nO3OoQEAMAjEwNL9d348JhJEboKrJO+Svx2YDBFDxBAxRAwRQ8QQMUQaNPcDIebcD2wAAAAASUVORK5CYII="" />",2,0,"<img loading=lazy src=""data:image/png;base64, iVBORw0KGgoAAAANSUhEUgAAACQAAAASCAYAAAAzI3woAAAAOXRFWHRTb2Z0d2FyZQBNYXRwbG90bGliIHZlcnNpb24zLjUuMSwgaHR0cHM6Ly9tYXRwbG90bGliLm9yZy/YYfK9AAAACXBIWXMAAAsTAAALEwEAmpwYAAAAL0lEQVR4nO3OoQEAMAjEwNL9d348JhJEboKrJO+Svx2YDBFDxBAxRAwRQ8QQMUQaNPcDIebcD2wAAAAASUVORK5CYII="" />",1280,0,https://www.c-labo-online.jp/product/186489,"<img loading=lazy src=""data:image/png;base64, iVBORw0KGgoAAAANSUhEUgAAACQAAAASCAYAAAAzI3woAAAAOXRFWHRTb2Z0d2FyZQBNYXRwbG90bGliIHZlcnNpb24zLjUuMSwgaHR0cHM6Ly9tYXRwbG90bGliLm9yZy/YYfK9AAAACXBIWXMAAAsTAAALEwEAmpwYAAAAL0lEQVR4nO3OoQEAMAjEwNL9d348JhJEboKrJO+Svx2YDBFDxBAxRAwRQ8QQMUQaNPcDIebcD2wAAAAASUVORK5CYII="" />",2.0,0.0,"<img loading=lazy src=""data:image/png;base64, iVBORw0KGgoAAAANSUhEUgAAACQAAAASCAYAAAAzI3woAAAAOXRFWHRTb2Z0d2FyZQBNYXRwbG90bGliIHZlcnNpb24zLjUuMSwgaHR0cHM6Ly9tYXRwbG90bGliLm9yZy/YYfK9AAAACXBIWXMAAAsTAAALEwEAmpwYAAAAL0lEQVR4nO3OoQEAMAjEwNL9d348JhJEboKrJO+Svx2YDBFDxBAxRAwRQ8QQMUQaNPcDIebcD2wAAAAASUVORK5CYII="" />",1180.0,0.0
17,118,リザードンVSTAR,HR,https://shopping.fullcomp.jp//shopdetail/000000048512/p_s9/page1/order/,"<img loading=lazy src=""data:image/png;base64, iVBORw0KGgoAAAANSUhEUgAAACQAAAASCAYAAAAzI3woAAAAOXRFWHRTb2Z0d2FyZQBNYXRwbG90bGliIHZlcnNpb24zLjUuMSwgaHR0cHM6Ly9tYXRwbG90bGliLm9yZy/YYfK9AAAACXBIWXMAAAsTAAALEwEAmpwYAAAAL0lEQVR4nO3OoQEAMAjEwNL9d348JhJEboKrJO+Svx2YDBFDxBAxRAwRQ8QQMUQaNPcDIebcD2wAAAAASUVORK5CYII="" />",3,0,"<img loading=lazy src=""data:image/png;base64, iVBORw0KGgoAAAANSUhEUgAAACQAAAASCAYAAAAzI3woAAAAOXRFWHRTb2Z0d2FyZQBNYXRwbG90bGliIHZlcnNpb24zLjUuMSwgaHR0cHM6Ly9tYXRwbG90bGliLm9yZy/YYfK9AAAACXBIWXMAAAsTAAALEwEAmpwYAAAAL0lEQVR4nO3OoQEAMAjEwNL9d348JhJEboKrJO+Svx2YDBFDxBAxRAwRQ8QQMUQaNPcDIebcD2wAAAAASUVORK5CYII="" />",17800,0,https://www.cardrush-pokemon.jp/product/24430,"<img loading=lazy src=""data:image/png;base64, iVBORw0KGgoAAAANSUhEUgAAACQAAAASCAYAAAAzI3woAAAAOXRFWHRTb2Z0d2FyZQBNYXRwbG90bGliIHZlcnNpb24zLjUuMSwgaHR0cHM6Ly9tYXRwbG90bGliLm9yZy/YYfK9AAAACXBIWXMAAAsTAAALEwEAmpwYAAAAL0lEQVR4nO3OoQEAMAjEwNL9d348JhJEboKrJO+Svx2YDBFDxBAxRAwRQ8QQMUQaNPcDIebcD2wAAAAASUVORK5CYII="" />",12,0,"<img loading=lazy src=""data:image/png;base64, iVBORw0KGgoAAAANSUhEUgAAACQAAAASCAYAAAAzI3woAAAAOXRFWHRTb2Z0d2FyZQBNYXRwbG90bGliIHZlcnNpb24zLjUuMSwgaHR0cHM6Ly9tYXRwbG90bGliLm9yZy/YYfK9AAAACXBIWXMAAAsTAAALEwEAmpwYAAAAL0lEQVR4nO3OoQEAMAjEwNL9d348JhJEboKrJO+Svx2YDBFDxBAxRAwRQ8QQMUQaNPcDIebcD2wAAAAASUVORK5CYII="" />",16800,0,https://www.bigweb.co.jp/ver2/pd2.php?card_id=3210596,"<img loading=lazy src=""data:image/png;base64, iVBORw0KGgoAAAANSUhEUgAAACQAAAASCAYAAAAzI3woAAAAOXRFWHRTb2Z0d2FyZQBNYXRwbG90bGliIHZlcnNpb24zLjUuMSwgaHR0cHM6Ly9tYXRwbG90bGliLm9yZy/YYfK9AAAACXBIWXMAAAsTAAALEwEAmpwYAAAAL0lEQVR4nO3OoQEAMAjEwNL9d348JhJEboKrJO+Svx2YDBFDxBAxRAwRQ8QQMUQaNPcDIebcD2wAAAAASUVORK5CYII="" />",0,0,"<img loading=lazy src=""data:image/png;base64, iVBORw0KGgoAAAANSUhEUgAAACQAAAASCAYAAAAzI3woAAAAOXRFWHRTb2Z0d2FyZQBNYXRwbG90bGliIHZlcnNpb24zLjUuMSwgaHR0cHM6Ly9tYXRwbG90bGliLm9yZy/YYfK9AAAACXBIWXMAAAsTAAALEwEAmpwYAAAAL0lEQVR4nO3OoQEAMAjEwNL9d348JhJEboKrJO+Svx2YDBFDxBAxRAwRQ8QQMUQaNPcDIebcD2wAAAAASUVORK5CYII="" />",0,0,https://yuyu-tei.jp/game_poc/carddetail/cardpreview.php?VER=s08b&CID=10118&MODE=sell,"<img loading=lazy src=""data:image/png;base64, iVBORw0KGgoAAAANSUhEUgAAACQAAAASCAYAAAAzI3woAAAAOXRFWHRTb2Z0d2FyZQBNYXRwbG90bGliIHZlcnNpb24zLjUuMSwgaHR0cHM6Ly9tYXRwbG90bGliLm9yZy/YYfK9AAAACXBIWXMAAAsTAAALEwEAmpwYAAAAL0lEQVR4nO3OoQEAMAjEwNL9d348JhJEboKrJO+Svx2YDBFDxBAxRAwRQ8QQMUQaNPcDIebcD2wAAAAASUVORK5CYII="" />",0,0,"<img loading=lazy src=""data:image/png;base64, iVBORw0KGgoAAAANSUhEUgAAACQAAAASCAYAAAAzI3woAAAAOXRFWHRTb2Z0d2FyZQBNYXRwbG90bGliIHZlcnNpb24zLjUuMSwgaHR0cHM6Ly9tYXRwbG90bGliLm9yZy/YYfK9AAAACXBIWXMAAAsTAAALEwEAmpwYAAAAL0lEQVR4nO3OoQEAMAjEwNL9d348JhJEboKrJO+Svx2YDBFDxBAxRAwRQ8QQMUQaNPcDIebcD2wAAAAASUVORK5CYII="" />",14800,0,,,,,,,
18,119,エルフーンVSTAR,HR,https://shopping.fullcomp.jp//shopdetail/000000048513/p_s9/page1/order/,"<img loading=lazy src=""data:image/png;base64, iVBORw0KGgoAAAANSUhEUgAAACQAAAASCAYAAAAzI3woAAAAOXRFWHRTb2Z0d2FyZQBNYXRwbG90bGliIHZlcnNpb24zLjUuMSwgaHR0cHM6Ly9tYXRwbG90bGliLm9yZy/YYfK9AAAACXBIWXMAAAsTAAALEwEAmpwYAAAAL0lEQVR4nO3OoQEAMAjEwNL9d348JhJEboKrJO+Svx2YDBFDxBAxRAwRQ8QQMUQaNPcDIebcD2wAAAAASUVORK5CYII="" />",5,0,"<img loading=lazy src=""data:image/png;base64, iVBORw0KGgoAAAANSUhEUgAAACQAAAASCAYAAAAzI3woAAAAOXRFWHRTb2Z0d2FyZQBNYXRwbG90bGliIHZlcnNpb24zLjUuMSwgaHR0cHM6Ly9tYXRwbG90bGliLm9yZy/YYfK9AAAACXBIWXMAAAsTAAALEwEAmpwYAAAAL0lEQVR4nO3OoQEAMAjEwNL9d348JhJEboKrJO+Svx2YDBFDxBAxRAwRQ8QQMUQaNPcDIebcD2wAAAAASUVORK5CYII="" />",1980,0,https://www.cardrush-pokemon.jp/product/24431,"<img loading=lazy src=""data:image/png;base64, iVBORw0KGgoAAAANSUhEUgAAACQAAAASCAYAAAAzI3woAAAAOXRFWHRTb2Z0d2FyZQBNYXRwbG90bGliIHZlcnNpb24zLjUuMSwgaHR0cHM6Ly9tYXRwbG90bGliLm9yZy/YYfK9AAAACXBIWXMAAAsTAAALEwEAmpwYAAAAL0lEQVR4nO3OoQEAMAjEwNL9d348JhJEboKrJO+Svx2YDBFDxBAxRAwRQ8QQMUQaNPcDIebcD2wAAAAASUVORK5CYII="" />",4,0,"<img loading=lazy src=""data:image/png;base64, iVBORw0KGgoAAAANSUhEUgAAACQAAAASCAYAAAAzI3woAAAAOXRFWHRTb2Z0d2FyZQBNYXRwbG90bGliIHZlcnNpb24zLjUuMSwgaHR0cHM6Ly9tYXRwbG90bGliLm9yZy/YYfK9AAAACXBIWXMAAAsTAAALEwEAmpwYAAAAL0lEQVR4nO3OoQEAMAjEwNL9d348JhJEboKrJO+Svx2YDBFDxBAxRAwRQ8QQMUQaNPcDIebcD2wAAAAASUVORK5CYII="" />",1980,0,https://www.bigweb.co.jp/ver2/pd2.php?card_id=3210597,"<img loading=lazy src=""data:image/png;base64, iVBORw0KGgoAAAANSUhEUgAAACQAAAASCAYAAAAzI3woAAAAOXRFWHRTb2Z0d2FyZQBNYXRwbG90bGliIHZlcnNpb24zLjUuMSwgaHR0cHM6Ly9tYXRwbG90bGliLm9yZy/YYfK9AAAACXBIWXMAAAsTAAALEwEAmpwYAAAAL0lEQVR4nO3OoQEAMAjEwNL9d348JhJEboKrJO+Svx2YDBFDxBAxRAwRQ8QQMUQaNPcDIebcD2wAAAAASUVORK5CYII="" />",0,0,"<img loading=lazy src=""data:image/png;base64, iVBORw0KGgoAAAANSUhEUgAAACQAAAASCAYAAAAzI3woAAAAOXRFWHRTb2Z0d2FyZQBNYXRwbG90bGliIHZlcnNpb24zLjUuMSwgaHR0cHM6Ly9tYXRwbG90bGliLm9yZy/YYfK9AAAACXBIWXMAAAsTAAALEwEAmpwYAAAAL0lEQVR4nO3OoQEAMAjEwNL9d348JhJEboKrJO+Svx2YDBFDxBAxRAwRQ8QQMUQaNPcDIebcD2wAAAAASUVORK5CYII="" />",0,0,https://yuyu-tei.jp/game_poc/carddetail/cardpreview.php?VER=s08b&CID=10119&MODE=sell,"<img loading=lazy src=""data:image/png;base64, iVBORw0KGgoAAAANSUhEUgAAACQAAAASCAYAAAAzI3woAAAAOXRFWHRTb2Z0d2FyZQBNYXRwbG90bGliIHZlcnNpb24zLjUuMSwgaHR0cHM6Ly9tYXRwbG90bGliLm9yZy/YYfK9AAAACXBIWXMAAAsTAAALEwEAmpwYAAAAL0lEQVR4nO3OoQEAMAjEwNL9d348JhJEboKrJO+Svx2YDBFDxBAxRAwRQ8QQMUQaNPcDIebcD2wAAAAASUVORK5CYII="" />",0,0,"<img loading=lazy src=""data:image/png;base64, iVBORw0KGgoAAAANSUhEUgAAACQAAAASCAYAAAAzI3woAAAAOXRFWHRTb2Z0d2FyZQBNYXRwbG90bGliIHZlcnNpb24zLjUuMSwgaHR0cHM6Ly9tYXRwbG90bGliLm9yZy/YYfK9AAAACXBIWXMAAAsTAAALEwEAmpwYAAAAL0lEQVR4nO3OoQEAMAjEwNL9d348JhJEboKrJO+Svx2YDBFDxBAxRAwRQ8QQMUQaNPcDIebcD2wAAAAASUVORK5CYII="" />",1780,0,https://www.c-labo-online.jp/product/186491,"<img loading=lazy src=""data:image/png;base64, iVBORw0KGgoAAAANSUhEUgAAACQAAAASCAYAAAAzI3woAAAAOXRFWHRTb2Z0d2FyZQBNYXRwbG90bGliIHZlcnNpb24zLjUuMSwgaHR0cHM6Ly9tYXRwbG90bGliLm9yZy/YYfK9AAAACXBIWXMAAAsTAAALEwEAmpwYAAAAL0lEQVR4nO3OoQEAMAjEwNL9d348JhJEboKrJO+Svx2YDBFDxBAxRAwRQ8QQMUQaNPcDIebcD2wAAAAASUVORK5CYII="" />",5.0,0.0,"<img loading=lazy src=""data:image/png;base64, iVBORw0KGgoAAAANSUhEUgAAACQAAAASCAYAAAAzI3woAAAAOXRFWHRTb2Z0d2FyZQBNYXRwbG90bGliIHZlcnNpb24zLjUuMSwgaHR0cHM6Ly9tYXRwbG90bGliLm9yZy/YYfK9AAAACXBIWXMAAAsTAAALEwEAmpwYAAAAL0lEQVR4nO3OoQEAMAjEwNL9d348JhJEboKrJO+Svx2YDBFDxBAxRAwRQ8QQMUQaNPcDIebcD2wAAAAASUVORK5CYII="" />",1580.0,0.0
19,120,アルセウスVSTAR,HR,https://shopping.fullcomp.jp//shopdetail/000000048514/p_s9/page1/order/,"<img loading=lazy src=""data:image/png;base64, iVBORw0KGgoAAAANSUhEUgAAACQAAAASCAYAAAAzI3woAAAAOXRFWHRTb2Z0d2FyZQBNYXRwbG90bGliIHZlcnNpb24zLjUuMSwgaHR0cHM6Ly9tYXRwbG90bGliLm9yZy/YYfK9AAAACXBIWXMAAAsTAAALEwEAmpwYAAAAL0lEQVR4nO3OoQEAMAjEwNL9d348JhJEboKrJO+Svx2YDBFDxBAxRAwRQ8QQMUQaNPcDIebcD2wAAAAASUVORK5CYII="" />",2,0,"<img loading=lazy src=""data:image/png;base64, iVBORw0KGgoAAAANSUhEUgAAACQAAAASCAYAAAAzI3woAAAAOXRFWHRTb2Z0d2FyZQBNYXRwbG90bGliIHZlcnNpb24zLjUuMSwgaHR0cHM6Ly9tYXRwbG90bGliLm9yZy/YYfK9AAAACXBIWXMAAAsTAAALEwEAmpwYAAAAL0lEQVR4nO3OoQEAMAjEwNL9d348JhJEboKrJO+Svx2YDBFDxBAxRAwRQ8QQMUQaNPcDIebcD2wAAAAASUVORK5CYII="" />",5980,0,https://www.cardrush-pokemon.jp/product/24432,"<img loading=lazy src=""data:image/png;base64, iVBORw0KGgoAAAANSUhEUgAAACQAAAASCAYAAAAzI3woAAAAOXRFWHRTb2Z0d2FyZQBNYXRwbG90bGliIHZlcnNpb24zLjUuMSwgaHR0cHM6Ly9tYXRwbG90bGliLm9yZy/YYfK9AAAACXBIWXMAAAsTAAALEwEAmpwYAAAAL0lEQVR4nO3OoQEAMAjEwNL9d348JhJEboKrJO+Svx2YDBFDxBAxRAwRQ8QQMUQaNPcDIebcD2wAAAAASUVORK5CYII="" />",7,0,"<img loading=lazy src=""data:image/png;base64, iVBORw0KGgoAAAANSUhEUgAAACQAAAASCAYAAAAzI3woAAAAOXRFWHRTb2Z0d2FyZQBNYXRwbG90bGliIHZlcnNpb24zLjUuMSwgaHR0cHM6Ly9tYXRwbG90bGliLm9yZy/YYfK9AAAACXBIWXMAAAsTAAALEwEAmpwYAAAAL0lEQVR4nO3OoQEAMAjEwNL9d348JhJEboKrJO+Svx2YDBFDxBAxRAwRQ8QQMUQaNPcDIebcD2wAAAAASUVORK5CYII="" />",6480,0,https://www.bigweb.co.jp/ver2/pd2.php?card_id=3210598,"<img loading=lazy src=""data:image/png;base64, iVBORw0KGgoAAAANSUhEUgAAACQAAAASCAYAAAAzI3woAAAAOXRFWHRTb2Z0d2FyZQBNYXRwbG90bGliIHZlcnNpb24zLjUuMSwgaHR0cHM6Ly9tYXRwbG90bGliLm9yZy/YYfK9AAAACXBIWXMAAAsTAAALEwEAmpwYAAAAL0lEQVR4nO3OoQEAMAjEwNL9d348JhJEboKrJO+Svx2YDBFDxBAxRAwRQ8QQMUQaNPcDIebcD2wAAAAASUVORK5CYII="" />",0,0,"<img loading=lazy src=""data:image/png;base64, iVBORw0KGgoAAAANSUhEUgAAACQAAAASCAYAAAAzI3woAAAAOXRFWHRTb2Z0d2FyZQBNYXRwbG90bGliIHZlcnNpb24zLjUuMSwgaHR0cHM6Ly9tYXRwbG90bGliLm9yZy/YYfK9AAAACXBIWXMAAAsTAAALEwEAmpwYAAAAL0lEQVR4nO3OoQEAMAjEwNL9d348JhJEboKrJO+Svx2YDBFDxBAxRAwRQ8QQMUQaNPcDIebcD2wAAAAASUVORK5CYII="" />",0,0,https://yuyu-tei.jp/game_poc/carddetail/cardpreview.php?VER=s08b&CID=10120&MODE=sell,"<img loading=lazy src=""data:image/png;base64, iVBORw0KGgoAAAANSUhEUgAAACQAAAASCAYAAAAzI3woAAAAOXRFWHRTb2Z0d2FyZQBNYXRwbG90bGliIHZlcnNpb24zLjUuMSwgaHR0cHM6Ly9tYXRwbG90bGliLm9yZy/YYfK9AAAACXBIWXMAAAsTAAALEwEAmpwYAAAAL0lEQVR4nO3OoQEAMAjEwNL9d348JhJEboKrJO+Svx2YDBFDxBAxRAwRQ8QQMUQaNPcDIebcD2wAAAAASUVORK5CYII="" />",6,0,"<img loading=lazy src=""data:image/png;base64, iVBORw0KGgoAAAANSUhEUgAAACQAAAASCAYAAAAzI3woAAAAOXRFWHRTb2Z0d2FyZQBNYXRwbG90bGliIHZlcnNpb24zLjUuMSwgaHR0cHM6Ly9tYXRwbG90bGliLm9yZy/YYfK9AAAACXBIWXMAAAsTAAALEwEAmpwYAAAAL0lEQVR4nO3OoQEAMAjEwNL9d348JhJEboKrJO+Svx2YDBFDxBAxRAwRQ8QQMUQaNPcDIebcD2wAAAAASUVORK5CYII="" />",5980,0,https://www.c-labo-online.jp/product/186492,"<img loading=lazy src=""data:image/png;base64, iVBORw0KGgoAAAANSUhEUgAAACQAAAASCAYAAAAzI3woAAAAOXRFWHRTb2Z0d2FyZQBNYXRwbG90bGliIHZlcnNpb24zLjUuMSwgaHR0cHM6Ly9tYXRwbG90bGliLm9yZy/YYfK9AAAACXBIWXMAAAsTAAALEwEAmpwYAAAAL0lEQVR4nO3OoQEAMAjEwNL9d348JhJEboKrJO+Svx2YDBFDxBAxRAwRQ8QQMUQaNPcDIebcD2wAAAAASUVORK5CYII="" />",3.0,0.0,"<img loading=lazy src=""data:image/png;base64, iVBORw0KGgoAAAANSUhEUgAAACQAAAASCAYAAAAzI3woAAAAOXRFWHRTb2Z0d2FyZQBNYXRwbG90bGliIHZlcnNpb24zLjUuMSwgaHR0cHM6Ly9tYXRwbG90bGliLm9yZy/YYfK9AAAACXBIWXMAAAsTAAALEwEAmpwYAAAAL0lEQVR4nO3OoQEAMAjEwNL9d348JhJEboKrJO+Svx2YDBFDxBAxRAwRQ8QQMUQaNPcDIebcD2wAAAAASUVORK5CYII="" />",5780.0,0.0
20,121,キャンプファイヤー,HR,https://shopping.fullcomp.jp//shopdetail/000000048515/p_s9/page1/order/,"<img loading=lazy src=""data:image/png;base64, iVBORw0KGgoAAAANSUhEUgAAACQAAAASCAYAAAAzI3woAAAAOXRFWHRTb2Z0d2FyZQBNYXRwbG90bGliIHZlcnNpb24zLjUuMSwgaHR0cHM6Ly9tYXRwbG90bGliLm9yZy/YYfK9AAAACXBIWXMAAAsTAAALEwEAmpwYAAAAL0lEQVR4nO3OoQEAMAjEwNL9d348JhJEboKrJO+Svx2YDBFDxBAxRAwRQ8QQMUQaNPcDIebcD2wAAAAASUVORK5CYII="" />",1,0,"<img loading=lazy src=""data:image/png;base64, iVBORw0KGgoAAAANSUhEUgAAACQAAAASCAYAAAAzI3woAAAAOXRFWHRTb2Z0d2FyZQBNYXRwbG90bGliIHZlcnNpb24zLjUuMSwgaHR0cHM6Ly9tYXRwbG90bGliLm9yZy/YYfK9AAAACXBIWXMAAAsTAAALEwEAmpwYAAAAL0lEQVR4nO3OoQEAMAjEwNL9d348JhJEboKrJO+Svx2YDBFDxBAxRAwRQ8QQMUQaNPcDIebcD2wAAAAASUVORK5CYII="" />",680,0,https://www.cardrush-pokemon.jp/product/24433,"<img loading=lazy src=""data:image/png;base64, iVBORw0KGgoAAAANSUhEUgAAACQAAAASCAYAAAAzI3woAAAAOXRFWHRTb2Z0d2FyZQBNYXRwbG90bGliIHZlcnNpb24zLjUuMSwgaHR0cHM6Ly9tYXRwbG90bGliLm9yZy/YYfK9AAAACXBIWXMAAAsTAAALEwEAmpwYAAAAL0lEQVR4nO3OoQEAMAjEwNL9d348JhJEboKrJO+Svx2YDBFDxBAxRAwRQ8QQMUQaNPcDIebcD2wAAAAASUVORK5CYII="" />",13,0,"<img loading=lazy src=""data:image/png;base64, iVBORw0KGgoAAAANSUhEUgAAACQAAAASCAYAAAAzI3woAAAAOXRFWHRTb2Z0d2FyZQBNYXRwbG90bGliIHZlcnNpb24zLjUuMSwgaHR0cHM6Ly9tYXRwbG90bGliLm9yZy/YYfK9AAAACXBIWXMAAAsTAAALEwEAmpwYAAAAL0lEQVR4nO3OoQEAMAjEwNL9d348JhJEboKrJO+Svx2YDBFDxBAxRAwRQ8QQMUQaNPcDIebcD2wAAAAASUVORK5CYII="" />",680,0,https://www.bigweb.co.jp/ver2/pd2.php?card_id=3210599,"<img loading=lazy src=""data:image/png;base64, iVBORw0KGgoAAAANSUhEUgAAACQAAAASCAYAAAAzI3woAAAAOXRFWHRTb2Z0d2FyZQBNYXRwbG90bGliIHZlcnNpb24zLjUuMSwgaHR0cHM6Ly9tYXRwbG90bGliLm9yZy/YYfK9AAAACXBIWXMAAAsTAAALEwEAmpwYAAAAL0lEQVR4nO3OoQEAMAjEwNL9d348JhJEboKrJO+Svx2YDBFDxBAxRAwRQ8QQMUQaNPcDIebcD2wAAAAASUVORK5CYII="" />",0,0,"<img loading=lazy src=""data:image/png;base64, iVBORw0KGgoAAAANSUhEUgAAACQAAAASCAYAAAAzI3woAAAAOXRFWHRTb2Z0d2FyZQBNYXRwbG90bGliIHZlcnNpb24zLjUuMSwgaHR0cHM6Ly9tYXRwbG90bGliLm9yZy/YYfK9AAAACXBIWXMAAAsTAAALEwEAmpwYAAAAL0lEQVR4nO3OoQEAMAjEwNL9d348JhJEboKrJO+Svx2YDBFDxBAxRAwRQ8QQMUQaNPcDIebcD2wAAAAASUVORK5CYII="" />",0,0,https://yuyu-tei.jp/game_poc/carddetail/cardpreview.php?VER=s08b&CID=10121&MODE=sell,"<img loading=lazy src=""data:image/png;base64, iVBORw0KGgoAAAANSUhEUgAAACQAAAASCAYAAAAzI3woAAAAOXRFWHRTb2Z0d2FyZQBNYXRwbG90bGliIHZlcnNpb24zLjUuMSwgaHR0cHM6Ly9tYXRwbG90bGliLm9yZy/YYfK9AAAACXBIWXMAAAsTAAALEwEAmpwYAAAAL0lEQVR4nO3OoQEAMAjEwNL9d348JhJEboKrJO+Svx2YDBFDxBAxRAwRQ8QQMUQaNPcDIebcD2wAAAAASUVORK5CYII="" />",1,0,"<img loading=lazy src=""data:image/png;base64, iVBORw0KGgoAAAANSUhEUgAAACQAAAASCAYAAAAzI3woAAAAOXRFWHRTb2Z0d2FyZQBNYXRwbG90bGliIHZlcnNpb24zLjUuMSwgaHR0cHM6Ly9tYXRwbG90bGliLm9yZy/YYfK9AAAACXBIWXMAAAsTAAALEwEAmpwYAAAAL0lEQVR4nO3OoQEAMAjEwNL9d348JhJEboKrJO+Svx2YDBFDxBAxRAwRQ8QQMUQaNPcDIebcD2wAAAAASUVORK5CYII="" />",680,0,https://www.c-labo-online.jp/product/186493,"<img loading=lazy src=""data:image/png;base64, iVBORw0KGgoAAAANSUhEUgAAACQAAAASCAYAAAAzI3woAAAAOXRFWHRTb2Z0d2FyZQBNYXRwbG90bGliIHZlcnNpb24zLjUuMSwgaHR0cHM6Ly9tYXRwbG90bGliLm9yZy/YYfK9AAAACXBIWXMAAAsTAAALEwEAmpwYAAAAL0lEQVR4nO3OoQEAMAjEwNL9d348JhJEboKrJO+Svx2YDBFDxBAxRAwRQ8QQMUQaNPcDIebcD2wAAAAASUVORK5CYII="" />",5.0,0.0,"<img loading=lazy src=""data:image/png;base64, iVBORw0KGgoAAAANSUhEUgAAACQAAAASCAYAAAAzI3woAAAAOXRFWHRTb2Z0d2FyZQBNYXRwbG90bGliIHZlcnNpb24zLjUuMSwgaHR0cHM6Ly9tYXRwbG90bGliLm9yZy/YYfK9AAAACXBIWXMAAAsTAAALEwEAmpwYAAAAL0lEQVR4nO3OoQEAMAjEwNL9d348JhJEboKrJO+Svx2YDBFDxBAxRAwRQ8QQMUQaNPcDIebcD2wAAAAASUVORK5CYII="" />",780.0,0.0
21,122,シロナの覇気,HR,https://shopping.fullcomp.jp//shopdetail/000000048516/p_s9/page1/order/,"<img loading=lazy src=""data:image/png;base64, iVBORw0KGgoAAAANSUhEUgAAACQAAAASCAYAAAAzI3woAAAAOXRFWHRTb2Z0d2FyZQBNYXRwbG90bGliIHZlcnNpb24zLjUuMSwgaHR0cHM6Ly9tYXRwbG90bGliLm9yZy/YYfK9AAAACXBIWXMAAAsTAAALEwEAmpwYAAAAL0lEQVR4nO3OoQEAMAjEwNL9d348JhJEboKrJO+Svx2YDBFDxBAxRAwRQ8QQMUQaNPcDIebcD2wAAAAASUVORK5CYII="" />",2,0,"<img loading=lazy src=""data:image/png;base64, iVBORw0KGgoAAAANSUhEUgAAACQAAAASCAYAAAAzI3woAAAAOXRFWHRTb2Z0d2FyZQBNYXRwbG90bGliIHZlcnNpb24zLjUuMSwgaHR0cHM6Ly9tYXRwbG90bGliLm9yZy/YYfK9AAAACXBIWXMAAAsTAAALEwEAmpwYAAAAL0lEQVR4nO3OoQEAMAjEwNL9d348JhJEboKrJO+Svx2YDBFDxBAxRAwRQ8QQMUQaNPcDIebcD2wAAAAASUVORK5CYII="" />",3379,0,https://www.cardrush-pokemon.jp/product/24434,"<img loading=lazy src=""data:image/png;base64, iVBORw0KGgoAAAANSUhEUgAAACQAAAASCAYAAAAzI3woAAAAOXRFWHRTb2Z0d2FyZQBNYXRwbG90bGliIHZlcnNpb24zLjUuMSwgaHR0cHM6Ly9tYXRwbG90bGliLm9yZy/YYfK9AAAACXBIWXMAAAsTAAALEwEAmpwYAAAAL0lEQVR4nO3OoQEAMAjEwNL9d348JhJEboKrJO+Svx2YDBFDxBAxRAwRQ8QQMUQaNPcDIebcD2wAAAAASUVORK5CYII="" />",14,0,"<img loading=lazy src=""data:image/png;base64, iVBORw0KGgoAAAANSUhEUgAAACQAAAASCAYAAAAzI3woAAAAOXRFWHRTb2Z0d2FyZQBNYXRwbG90bGliIHZlcnNpb24zLjUuMSwgaHR0cHM6Ly9tYXRwbG90bGliLm9yZy/YYfK9AAAACXBIWXMAAAsTAAALEwEAmpwYAAAAL0lEQVR4nO3OoQEAMAjEwNL9d348JhJEboKrJO+Svx2YDBFDxBAxRAwRQ8QQMUQaNPcDIebcD2wAAAAASUVORK5CYII="" />",3280,0,https://www.bigweb.co.jp/ver2/pd2.php?card_id=3210600,"<img loading=lazy src=""data:image/png;base64, iVBORw0KGgoAAAANSUhEUgAAACQAAAASCAYAAAAzI3woAAAAOXRFWHRTb2Z0d2FyZQBNYXRwbG90bGliIHZlcnNpb24zLjUuMSwgaHR0cHM6Ly9tYXRwbG90bGliLm9yZy/YYfK9AAAACXBIWXMAAAsTAAALEwEAmpwYAAAAL0lEQVR4nO3OoQEAMAjEwNL9d348JhJEboKrJO+Svx2YDBFDxBAxRAwRQ8QQMUQaNPcDIebcD2wAAAAASUVORK5CYII="" />",66,0,"<img loading=lazy src=""data:image/png;base64, iVBORw0KGgoAAAANSUhEUgAAACQAAAASCAYAAAAzI3woAAAAOXRFWHRTb2Z0d2FyZQBNYXRwbG90bGliIHZlcnNpb24zLjUuMSwgaHR0cHM6Ly9tYXRwbG90bGliLm9yZy/YYfK9AAAACXBIWXMAAAsTAAALEwEAmpwYAAAAL0lEQVR4nO3OoQEAMAjEwNL9d348JhJEboKrJO+Svx2YDBFDxBAxRAwRQ8QQMUQaNPcDIebcD2wAAAAASUVORK5CYII="" />",2180,0,https://yuyu-tei.jp/game_poc/carddetail/cardpreview.php?VER=s08b&CID=10122&MODE=sell,"<img loading=lazy src=""data:image/png;base64, iVBORw0KGgoAAAANSUhEUgAAACQAAAASCAYAAAAzI3woAAAAOXRFWHRTb2Z0d2FyZQBNYXRwbG90bGliIHZlcnNpb24zLjUuMSwgaHR0cHM6Ly9tYXRwbG90bGliLm9yZy/YYfK9AAAACXBIWXMAAAsTAAALEwEAmpwYAAAAL0lEQVR4nO3OoQEAMAjEwNL9d348JhJEboKrJO+Svx2YDBFDxBAxRAwRQ8QQMUQaNPcDIebcD2wAAAAASUVORK5CYII="" />",1,0,"<img loading=lazy src=""data:image/png;base64, iVBORw0KGgoAAAANSUhEUgAAACQAAAASCAYAAAAzI3woAAAAOXRFWHRTb2Z0d2FyZQBNYXRwbG90bGliIHZlcnNpb24zLjUuMSwgaHR0cHM6Ly9tYXRwbG90bGliLm9yZy/YYfK9AAAACXBIWXMAAAsTAAALEwEAmpwYAAAAL0lEQVR4nO3OoQEAMAjEwNL9d348JhJEboKrJO+Svx2YDBFDxBAxRAwRQ8QQMUQaNPcDIebcD2wAAAAASUVORK5CYII="" />",2980,0,https://www.c-labo-online.jp/product/186494,"<img loading=lazy src=""data:image/png;base64, iVBORw0KGgoAAAANSUhEUgAAACQAAAASCAYAAAAzI3woAAAAOXRFWHRTb2Z0d2FyZQBNYXRwbG90bGliIHZlcnNpb24zLjUuMSwgaHR0cHM6Ly9tYXRwbG90bGliLm9yZy/YYfK9AAAACXBIWXMAAAsTAAALEwEAmpwYAAAAL0lEQVR4nO3OoQEAMAjEwNL9d348JhJEboKrJO+Svx2YDBFDxBAxRAwRQ8QQMUQaNPcDIebcD2wAAAAASUVORK5CYII="" />",7.0,0.0,"<img loading=lazy src=""data:image/png;base64, iVBORw0KGgoAAAANSUhEUgAAACQAAAASCAYAAAAzI3woAAAAOXRFWHRTb2Z0d2FyZQBNYXRwbG90bGliIHZlcnNpb24zLjUuMSwgaHR0cHM6Ly9tYXRwbG90bGliLm9yZy/YYfK9AAAACXBIWXMAAAsTAAALEwEAmpwYAAAAL0lEQVR4nO3OoQEAMAjEwNL9d348JhJEboKrJO+Svx2YDBFDxBAxRAwRQ8QQMUQaNPcDIebcD2wAAAAASUVORK5CYII="" />",2780.0,0.0
22,123,チェレンの気くばり,HR,https://shopping.fullcomp.jp//shopdetail/000000048517/p_s9/page1/order/,"<img loading=lazy src=""data:image/png;base64, iVBORw0KGgoAAAANSUhEUgAAACQAAAASCAYAAAAzI3woAAAAOXRFWHRTb2Z0d2FyZQBNYXRwbG90bGliIHZlcnNpb24zLjUuMSwgaHR0cHM6Ly9tYXRwbG90bGliLm9yZy/YYfK9AAAACXBIWXMAAAsTAAALEwEAmpwYAAAAL0lEQVR4nO3OoQEAMAjEwNL9d348JhJEboKrJO+Svx2YDBFDxBAxRAwRQ8QQMUQaNPcDIebcD2wAAAAASUVORK5CYII="" />",4,0,"<img loading=lazy src=""data:image/png;base64, iVBORw0KGgoAAAANSUhEUgAAACQAAAASCAYAAAAzI3woAAAAOXRFWHRTb2Z0d2FyZQBNYXRwbG90bGliIHZlcnNpb24zLjUuMSwgaHR0cHM6Ly9tYXRwbG90bGliLm9yZy/YYfK9AAAACXBIWXMAAAsTAAALEwEAmpwYAAAAL0lEQVR4nO3OoQEAMAjEwNL9d348JhJEboKrJO+Svx2YDBFDxBAxRAwRQ8QQMUQaNPcDIebcD2wAAAAASUVORK5CYII="" />",1079,0,https://www.cardrush-pokemon.jp/product/24435,"<img loading=lazy src=""data:image/png;base64, iVBORw0KGgoAAAANSUhEUgAAACQAAAASCAYAAAAzI3woAAAAOXRFWHRTb2Z0d2FyZQBNYXRwbG90bGliIHZlcnNpb24zLjUuMSwgaHR0cHM6Ly9tYXRwbG90bGliLm9yZy/YYfK9AAAACXBIWXMAAAsTAAALEwEAmpwYAAAAL0lEQVR4nO3OoQEAMAjEwNL9d348JhJEboKrJO+Svx2YDBFDxBAxRAwRQ8QQMUQaNPcDIebcD2wAAAAASUVORK5CYII="" />",14,0,"<img loading=lazy src=""data:image/png;base64, iVBORw0KGgoAAAANSUhEUgAAACQAAAASCAYAAAAzI3woAAAAOXRFWHRTb2Z0d2FyZQBNYXRwbG90bGliIHZlcnNpb24zLjUuMSwgaHR0cHM6Ly9tYXRwbG90bGliLm9yZy/YYfK9AAAACXBIWXMAAAsTAAALEwEAmpwYAAAAL0lEQVR4nO3OoQEAMAjEwNL9d348JhJEboKrJO+Svx2YDBFDxBAxRAwRQ8QQMUQaNPcDIebcD2wAAAAASUVORK5CYII="" />",1180,0,https://www.bigweb.co.jp/ver2/pd2.php?card_id=3210601,"<img loading=lazy src=""data:image/png;base64, iVBORw0KGgoAAAANSUhEUgAAACQAAAASCAYAAAAzI3woAAAAOXRFWHRTb2Z0d2FyZQBNYXRwbG90bGliIHZlcnNpb24zLjUuMSwgaHR0cHM6Ly9tYXRwbG90bGliLm9yZy/YYfK9AAAACXBIWXMAAAsTAAALEwEAmpwYAAAAL0lEQVR4nO3OoQEAMAjEwNL9d348JhJEboKrJO+Svx2YDBFDxBAxRAwRQ8QQMUQaNPcDIebcD2wAAAAASUVORK5CYII="" />",0,0,"<img loading=lazy src=""data:image/png;base64, iVBORw0KGgoAAAANSUhEUgAAACQAAAASCAYAAAAzI3woAAAAOXRFWHRTb2Z0d2FyZQBNYXRwbG90bGliIHZlcnNpb24zLjUuMSwgaHR0cHM6Ly9tYXRwbG90bGliLm9yZy/YYfK9AAAACXBIWXMAAAsTAAALEwEAmpwYAAAAL0lEQVR4nO3OoQEAMAjEwNL9d348JhJEboKrJO+Svx2YDBFDxBAxRAwRQ8QQMUQaNPcDIebcD2wAAAAASUVORK5CYII="" />",0,0,https://yuyu-tei.jp/game_poc/carddetail/cardpreview.php?VER=s08b&CID=10123&MODE=sell,"<img loading=lazy src=""data:image/png;base64, iVBORw0KGgoAAAANSUhEUgAAACQAAAASCAYAAAAzI3woAAAAOXRFWHRTb2Z0d2FyZQBNYXRwbG90bGliIHZlcnNpb24zLjUuMSwgaHR0cHM6Ly9tYXRwbG90bGliLm9yZy/YYfK9AAAACXBIWXMAAAsTAAALEwEAmpwYAAAAL0lEQVR4nO3OoQEAMAjEwNL9d348JhJEboKrJO+Svx2YDBFDxBAxRAwRQ8QQMUQaNPcDIebcD2wAAAAASUVORK5CYII="" />",1,0,"<img loading=lazy src=""data:image/png;base64, iVBORw0KGgoAAAANSUhEUgAAACQAAAASCAYAAAAzI3woAAAAOXRFWHRTb2Z0d2FyZQBNYXRwbG90bGliIHZlcnNpb24zLjUuMSwgaHR0cHM6Ly9tYXRwbG90bGliLm9yZy/YYfK9AAAACXBIWXMAAAsTAAALEwEAmpwYAAAAL0lEQVR4nO3OoQEAMAjEwNL9d348JhJEboKrJO+Svx2YDBFDxBAxRAwRQ8QQMUQaNPcDIebcD2wAAAAASUVORK5CYII="" />",980,0,https://www.c-labo-online.jp/product/186495,"<img loading=lazy src=""data:image/png;base64, iVBORw0KGgoAAAANSUhEUgAAACQAAAASCAYAAAAzI3woAAAAOXRFWHRTb2Z0d2FyZQBNYXRwbG90bGliIHZlcnNpb24zLjUuMSwgaHR0cHM6Ly9tYXRwbG90bGliLm9yZy/YYfK9AAAACXBIWXMAAAsTAAALEwEAmpwYAAAAL0lEQVR4nO3OoQEAMAjEwNL9d348JhJEboKrJO+Svx2YDBFDxBAxRAwRQ8QQMUQaNPcDIebcD2wAAAAASUVORK5CYII="" />",3.0,0.0,"<img loading=lazy src=""data:image/png;base64, iVBORw0KGgoAAAANSUhEUgAAACQAAAASCAYAAAAzI3woAAAAOXRFWHRTb2Z0d2FyZQBNYXRwbG90bGliIHZlcnNpb24zLjUuMSwgaHR0cHM6Ly9tYXRwbG90bGliLm9yZy/YYfK9AAAACXBIWXMAAAsTAAALEwEAmpwYAAAAL0lEQVR4nO3OoQEAMAjEwNL9d348JhJEboKrJO+Svx2YDBFDxBAxRAwRQ8QQMUQaNPcDIebcD2wAAAAASUVORK5CYII="" />",880.0,0.0
23,124,ハマナのバックアップ,HR,https://shopping.fullcomp.jp//shopdetail/000000048518/p_s9/page1/order/,"<img loading=lazy src=""data:image/png;base64, iVBORw0KGgoAAAANSUhEUgAAACQAAAASCAYAAAAzI3woAAAAOXRFWHRTb2Z0d2FyZQBNYXRwbG90bGliIHZlcnNpb24zLjUuMSwgaHR0cHM6Ly9tYXRwbG90bGliLm9yZy/YYfK9AAAACXBIWXMAAAsTAAALEwEAmpwYAAAAL0lEQVR4nO3OoQEAMAjEwNL9d348JhJEboKrJO+Svx2YDBFDxBAxRAwRQ8QQMUQaNPcDIebcD2wAAAAASUVORK5CYII="" />",3,0,"<img loading=lazy src=""data:image/png;base64, iVBORw0KGgoAAAANSUhEUgAAACQAAAASCAYAAAAzI3woAAAAOXRFWHRTb2Z0d2FyZQBNYXRwbG90bGliIHZlcnNpb24zLjUuMSwgaHR0cHM6Ly9tYXRwbG90bGliLm9yZy/YYfK9AAAACXBIWXMAAAsTAAALEwEAmpwYAAAAL0lEQVR4nO3OoQEAMAjEwNL9d348JhJEboKrJO+Svx2YDBFDxBAxRAwRQ8QQMUQaNPcDIebcD2wAAAAASUVORK5CYII="" />",1480,0,https://www.cardrush-pokemon.jp/product/24436,"<img loading=lazy src=""data:image/png;base64, iVBORw0KGgoAAAANSUhEUgAAACQAAAASCAYAAAAzI3woAAAAOXRFWHRTb2Z0d2FyZQBNYXRwbG90bGliIHZlcnNpb24zLjUuMSwgaHR0cHM6Ly9tYXRwbG90bGliLm9yZy/YYfK9AAAACXBIWXMAAAsTAAALEwEAmpwYAAAAL0lEQVR4nO3OoQEAMAjEwNL9d348JhJEboKrJO+Svx2YDBFDxBAxRAwRQ8QQMUQaNPcDIebcD2wAAAAASUVORK5CYII="" />",9,0,"<img loading=lazy src=""data:image/png;base64, iVBORw0KGgoAAAANSUhEUgAAACQAAAASCAYAAAAzI3woAAAAOXRFWHRTb2Z0d2FyZQBNYXRwbG90bGliIHZlcnNpb24zLjUuMSwgaHR0cHM6Ly9tYXRwbG90bGliLm9yZy/YYfK9AAAACXBIWXMAAAsTAAALEwEAmpwYAAAAL0lEQVR4nO3OoQEAMAjEwNL9d348JhJEboKrJO+Svx2YDBFDxBAxRAwRQ8QQMUQaNPcDIebcD2wAAAAASUVORK5CYII="" />",1580,0,https://www.bigweb.co.jp/ver2/pd2.php?card_id=3210602,"<img loading=lazy src=""data:image/png;base64, iVBORw0KGgoAAAANSUhEUgAAACQAAAASCAYAAAAzI3woAAAAOXRFWHRTb2Z0d2FyZQBNYXRwbG90bGliIHZlcnNpb24zLjUuMSwgaHR0cHM6Ly9tYXRwbG90bGliLm9yZy/YYfK9AAAACXBIWXMAAAsTAAALEwEAmpwYAAAAL0lEQVR4nO3OoQEAMAjEwNL9d348JhJEboKrJO+Svx2YDBFDxBAxRAwRQ8QQMUQaNPcDIebcD2wAAAAASUVORK5CYII="" />",35,0,"<img loading=lazy src=""data:image/png;base64, iVBORw0KGgoAAAANSUhEUgAAACQAAAASCAYAAAAzI3woAAAAOXRFWHRTb2Z0d2FyZQBNYXRwbG90bGliIHZlcnNpb24zLjUuMSwgaHR0cHM6Ly9tYXRwbG90bGliLm9yZy/YYfK9AAAACXBIWXMAAAsTAAALEwEAmpwYAAAAL0lEQVR4nO3OoQEAMAjEwNL9d348JhJEboKrJO+Svx2YDBFDxBAxRAwRQ8QQMUQaNPcDIebcD2wAAAAASUVORK5CYII="" />",1180,0,https://yuyu-tei.jp/game_poc/carddetail/cardpreview.php?VER=s08b&CID=10124&MODE=sell,"<img loading=lazy src=""data:image/png;base64, iVBORw0KGgoAAAANSUhEUgAAACQAAAASCAYAAAAzI3woAAAAOXRFWHRTb2Z0d2FyZQBNYXRwbG90bGliIHZlcnNpb24zLjUuMSwgaHR0cHM6Ly9tYXRwbG90bGliLm9yZy/YYfK9AAAACXBIWXMAAAsTAAALEwEAmpwYAAAAL0lEQVR4nO3OoQEAMAjEwNL9d348JhJEboKrJO+Svx2YDBFDxBAxRAwRQ8QQMUQaNPcDIebcD2wAAAAASUVORK5CYII="" />",0,0,"<img loading=lazy src=""data:image/png;base64, iVBORw0KGgoAAAANSUhEUgAAACQAAAASCAYAAAAzI3woAAAAOXRFWHRTb2Z0d2FyZQBNYXRwbG90bGliIHZlcnNpb24zLjUuMSwgaHR0cHM6Ly9tYXRwbG90bGliLm9yZy/YYfK9AAAACXBIWXMAAAsTAAALEwEAmpwYAAAAL0lEQVR4nO3OoQEAMAjEwNL9d348JhJEboKrJO+Svx2YDBFDxBAxRAwRQ8QQMUQaNPcDIebcD2wAAAAASUVORK5CYII="" />",1280,0,https://www.c-labo-online.jp/product/186496,"<img loading=lazy src=""data:image/png;base64, iVBORw0KGgoAAAANSUhEUgAAACQAAAASCAYAAAAzI3woAAAAOXRFWHRTb2Z0d2FyZQBNYXRwbG90bGliIHZlcnNpb24zLjUuMSwgaHR0cHM6Ly9tYXRwbG90bGliLm9yZy/YYfK9AAAACXBIWXMAAAsTAAALEwEAmpwYAAAAL0lEQVR4nO3OoQEAMAjEwNL9d348JhJEboKrJO+Svx2YDBFDxBAxRAwRQ8QQMUQaNPcDIebcD2wAAAAASUVORK5CYII="" />",1.0,0.0,"<img loading=lazy src=""data:image/png;base64, iVBORw0KGgoAAAANSUhEUgAAACQAAAASCAYAAAAzI3woAAAAOXRFWHRTb2Z0d2FyZQBNYXRwbG90bGliIHZlcnNpb24zLjUuMSwgaHR0cHM6Ly9tYXRwbG90bGliLm9yZy/YYfK9AAAACXBIWXMAAAsTAAALEwEAmpwYAAAAL0lEQVR4nO3OoQEAMAjEwNL9d348JhJEboKrJO+Svx2YDBFDxBAxRAwRQ8QQMUQaNPcDIebcD2wAAAAASUVORK5CYII="" />",1280.0,0.0
24,125,アルセウスVSTAR,UR,https://shopping.fullcomp.jp//shopdetail/000000048508/p_s9/page1/order/,"<img loading=lazy src=""data:image/png;base64, iVBORw0KGgoAAAANSUhEUgAAACQAAAASCAYAAAAzI3woAAAAOXRFWHRTb2Z0d2FyZQBNYXRwbG90bGliIHZlcnNpb24zLjUuMSwgaHR0cHM6Ly9tYXRwbG90bGliLm9yZy/YYfK9AAAACXBIWXMAAAsTAAALEwEAmpwYAAAAL0lEQVR4nO3OoQEAMAjEwNL9d348JhJEboKrJO+Svx2YDBFDxBAxRAwRQ8QQMUQaNPcDIebcD2wAAAAASUVORK5CYII="" />",1,0,"<img loading=lazy src=""data:image/png;base64, iVBORw0KGgoAAAANSUhEUgAAACQAAAASCAYAAAAzI3woAAAAOXRFWHRTb2Z0d2FyZQBNYXRwbG90bGliIHZlcnNpb24zLjUuMSwgaHR0cHM6Ly9tYXRwbG90bGliLm9yZy/YYfK9AAAACXBIWXMAAAsTAAALEwEAmpwYAAAAL0lEQVR4nO3OoQEAMAjEwNL9d348JhJEboKrJO+Svx2YDBFDxBAxRAwRQ8QQMUQaNPcDIebcD2wAAAAASUVORK5CYII="" />",16800,0,https://www.cardrush-pokemon.jp/product/24437,"<img loading=lazy src=""data:image/png;base64, iVBORw0KGgoAAAANSUhEUgAAACQAAAASCAYAAAAzI3woAAAAOXRFWHRTb2Z0d2FyZQBNYXRwbG90bGliIHZlcnNpb24zLjUuMSwgaHR0cHM6Ly9tYXRwbG90bGliLm9yZy/YYfK9AAAACXBIWXMAAAsTAAALEwEAmpwYAAAAL0lEQVR4nO3OoQEAMAjEwNL9d348JhJEboKrJO+Svx2YDBFDxBAxRAwRQ8QQMUQaNPcDIebcD2wAAAAASUVORK5CYII="" />",2,0,"<img loading=lazy src=""data:image/png;base64, iVBORw0KGgoAAAANSUhEUgAAACQAAAASCAYAAAAzI3woAAAAOXRFWHRTb2Z0d2FyZQBNYXRwbG90bGliIHZlcnNpb24zLjUuMSwgaHR0cHM6Ly9tYXRwbG90bGliLm9yZy/YYfK9AAAACXBIWXMAAAsTAAALEwEAmpwYAAAAL0lEQVR4nO3OoQEAMAjEwNL9d348JhJEboKrJO+Svx2YDBFDxBAxRAwRQ8QQMUQaNPcDIebcD2wAAAAASUVORK5CYII="" />",16800,0,https://www.bigweb.co.jp/ver2/pd2.php?card_id=3210589,"<img loading=lazy src=""data:image/png;base64, iVBORw0KGgoAAAANSUhEUgAAACQAAAASCAYAAAAzI3woAAAAOXRFWHRTb2Z0d2FyZQBNYXRwbG90bGliIHZlcnNpb24zLjUuMSwgaHR0cHM6Ly9tYXRwbG90bGliLm9yZy/YYfK9AAAACXBIWXMAAAsTAAALEwEAmpwYAAAAL0lEQVR4nO3OoQEAMAjEwNL9d348JhJEboKrJO+Svx2YDBFDxBAxRAwRQ8QQMUQaNPcDIebcD2wAAAAASUVORK5CYII="" />",0,0,"<img loading=lazy src=""data:image/png;base64, iVBORw0KGgoAAAANSUhEUgAAACQAAAASCAYAAAAzI3woAAAAOXRFWHRTb2Z0d2FyZQBNYXRwbG90bGliIHZlcnNpb24zLjUuMSwgaHR0cHM6Ly9tYXRwbG90bGliLm9yZy/YYfK9AAAACXBIWXMAAAsTAAALEwEAmpwYAAAAL0lEQVR4nO3OoQEAMAjEwNL9d348JhJEboKrJO+Svx2YDBFDxBAxRAwRQ8QQMUQaNPcDIebcD2wAAAAASUVORK5CYII="" />",0,0,https://yuyu-tei.jp/game_poc/carddetail/cardpreview.php?VER=s08b&CID=10125&MODE=sell,"<img loading=lazy src=""data:image/png;base64, iVBORw0KGgoAAAANSUhEUgAAACQAAAASCAYAAAAzI3woAAAAOXRFWHRTb2Z0d2FyZQBNYXRwbG90bGliIHZlcnNpb24zLjUuMSwgaHR0cHM6Ly9tYXRwbG90bGliLm9yZy/YYfK9AAAACXBIWXMAAAsTAAALEwEAmpwYAAAAL0lEQVR4nO3OoQEAMAjEwNL9d348JhJEboKrJO+Svx2YDBFDxBAxRAwRQ8QQMUQaNPcDIebcD2wAAAAASUVORK5CYII="" />",0,0,"<img loading=lazy src=""data:image/png;base64, iVBORw0KGgoAAAANSUhEUgAAACQAAAASCAYAAAAzI3woAAAAOXRFWHRTb2Z0d2FyZQBNYXRwbG90bGliIHZlcnNpb24zLjUuMSwgaHR0cHM6Ly9tYXRwbG90bGliLm9yZy/YYfK9AAAACXBIWXMAAAsTAAALEwEAmpwYAAAAL0lEQVR4nO3OoQEAMAjEwNL9d348JhJEboKrJO+Svx2YDBFDxBAxRAwRQ8QQMUQaNPcDIebcD2wAAAAASUVORK5CYII="" />",14800,0,https://www.c-labo-online.jp/product/186497,"<img loading=lazy src=""data:image/png;base64, iVBORw0KGgoAAAANSUhEUgAAACQAAAASCAYAAAAzI3woAAAAOXRFWHRTb2Z0d2FyZQBNYXRwbG90bGliIHZlcnNpb24zLjUuMSwgaHR0cHM6Ly9tYXRwbG90bGliLm9yZy/YYfK9AAAACXBIWXMAAAsTAAALEwEAmpwYAAAAL0lEQVR4nO3OoQEAMAjEwNL9d348JhJEboKrJO+Svx2YDBFDxBAxRAwRQ8QQMUQaNPcDIebcD2wAAAAASUVORK5CYII="" />",1.0,0.0,"<img loading=lazy src=""data:image/png;base64, iVBORw0KGgoAAAANSUhEUgAAACQAAAASCAYAAAAzI3woAAAAOXRFWHRTb2Z0d2FyZQBNYXRwbG90bGliIHZlcnNpb24zLjUuMSwgaHR0cHM6Ly9tYXRwbG90bGliLm9yZy/YYfK9AAAACXBIWXMAAAsTAAALEwEAmpwYAAAAL0lEQVR4nO3OoQEAMAjEwNL9d348JhJEboKrJO+Svx2YDBFDxBAxRAwRQ8QQMUQaNPcDIebcD2wAAAAASUVORK5CYII="" />",17800.0,0.0
25,126,ハイパーボール,UR,https://shopping.fullcomp.jp//shopdetail/000000048509/p_s9/page1/order/,"<img loading=lazy src=""data:image/png;base64, iVBORw0KGgoAAAANSUhEUgAAACQAAAASCAYAAAAzI3woAAAAOXRFWHRTb2Z0d2FyZQBNYXRwbG90bGliIHZlcnNpb24zLjUuMSwgaHR0cHM6Ly9tYXRwbG90bGliLm9yZy/YYfK9AAAACXBIWXMAAAsTAAALEwEAmpwYAAAAL0lEQVR4nO3OoQEAMAjEwNL9d348JhJEboKrJO+Svx2YDBFDxBAxRAwRQ8QQMUQaNPcDIebcD2wAAAAASUVORK5CYII="" />",2,0,"<img loading=lazy src=""data:image/png;base64, iVBORw0KGgoAAAANSUhEUgAAACQAAAASCAYAAAAzI3woAAAAOXRFWHRTb2Z0d2FyZQBNYXRwbG90bGliIHZlcnNpb24zLjUuMSwgaHR0cHM6Ly9tYXRwbG90bGliLm9yZy/YYfK9AAAACXBIWXMAAAsTAAALEwEAmpwYAAAAL0lEQVR4nO3OoQEAMAjEwNL9d348JhJEboKrJO+Svx2YDBFDxBAxRAwRQ8QQMUQaNPcDIebcD2wAAAAASUVORK5CYII="" />",14799,0,https://www.cardrush-pokemon.jp/product/24438,"<img loading=lazy src=""data:image/png;base64, iVBORw0KGgoAAAANSUhEUgAAACQAAAASCAYAAAAzI3woAAAAOXRFWHRTb2Z0d2FyZQBNYXRwbG90bGliIHZlcnNpb24zLjUuMSwgaHR0cHM6Ly9tYXRwbG90bGliLm9yZy/YYfK9AAAACXBIWXMAAAsTAAALEwEAmpwYAAAAL0lEQVR4nO3OoQEAMAjEwNL9d348JhJEboKrJO+Svx2YDBFDxBAxRAwRQ8QQMUQaNPcDIebcD2wAAAAASUVORK5CYII="" />",4,0,"<img loading=lazy src=""data:image/png;base64, iVBORw0KGgoAAAANSUhEUgAAACQAAAASCAYAAAAzI3woAAAAOXRFWHRTb2Z0d2FyZQBNYXRwbG90bGliIHZlcnNpb24zLjUuMSwgaHR0cHM6Ly9tYXRwbG90bGliLm9yZy/YYfK9AAAACXBIWXMAAAsTAAALEwEAmpwYAAAAL0lEQVR4nO3OoQEAMAjEwNL9d348JhJEboKrJO+Svx2YDBFDxBAxRAwRQ8QQMUQaNPcDIebcD2wAAAAASUVORK5CYII="" />",14800,0,https://www.bigweb.co.jp/ver2/pd2.php?card_id=3210590,"<img loading=lazy src=""data:image/png;base64, iVBORw0KGgoAAAANSUhEUgAAACQAAAASCAYAAAAzI3woAAAAOXRFWHRTb2Z0d2FyZQBNYXRwbG90bGliIHZlcnNpb24zLjUuMSwgaHR0cHM6Ly9tYXRwbG90bGliLm9yZy/YYfK9AAAACXBIWXMAAAsTAAALEwEAmpwYAAAAL0lEQVR4nO3OoQEAMAjEwNL9d348JhJEboKrJO+Svx2YDBFDxBAxRAwRQ8QQMUQaNPcDIebcD2wAAAAASUVORK5CYII="" />",128,0,"<img loading=lazy src=""data:image/png;base64, iVBORw0KGgoAAAANSUhEUgAAACQAAAASCAYAAAAzI3woAAAAOXRFWHRTb2Z0d2FyZQBNYXRwbG90bGliIHZlcnNpb24zLjUuMSwgaHR0cHM6Ly9tYXRwbG90bGliLm9yZy/YYfK9AAAACXBIWXMAAAsTAAALEwEAmpwYAAAAL0lEQVR4nO3OoQEAMAjEwNL9d348JhJEboKrJO+Svx2YDBFDxBAxRAwRQ8QQMUQaNPcDIebcD2wAAAAASUVORK5CYII="" />",12800,0,https://yuyu-tei.jp/game_poc/carddetail/cardpreview.php?VER=s08b&CID=10126&MODE=sell,"<img loading=lazy src=""data:image/png;base64, iVBORw0KGgoAAAANSUhEUgAAACQAAAASCAYAAAAzI3woAAAAOXRFWHRTb2Z0d2FyZQBNYXRwbG90bGliIHZlcnNpb24zLjUuMSwgaHR0cHM6Ly9tYXRwbG90bGliLm9yZy/YYfK9AAAACXBIWXMAAAsTAAALEwEAmpwYAAAAL0lEQVR4nO3OoQEAMAjEwNL9d348JhJEboKrJO+Svx2YDBFDxBAxRAwRQ8QQMUQaNPcDIebcD2wAAAAASUVORK5CYII="" />",7,0,"<img loading=lazy src=""data:image/png;base64, iVBORw0KGgoAAAANSUhEUgAAACQAAAASCAYAAAAzI3woAAAAOXRFWHRTb2Z0d2FyZQBNYXRwbG90bGliIHZlcnNpb24zLjUuMSwgaHR0cHM6Ly9tYXRwbG90bGliLm9yZy/YYfK9AAAACXBIWXMAAAsTAAALEwEAmpwYAAAAL0lEQVR4nO3OoQEAMAjEwNL9d348JhJEboKrJO+Svx2YDBFDxBAxRAwRQ8QQMUQaNPcDIebcD2wAAAAASUVORK5CYII="" />",14800,0,https://www.c-labo-online.jp/product/186498,"<img loading=lazy src=""data:image/png;base64, iVBORw0KGgoAAAANSUhEUgAAACQAAAASCAYAAAAzI3woAAAAOXRFWHRTb2Z0d2FyZQBNYXRwbG90bGliIHZlcnNpb24zLjUuMSwgaHR0cHM6Ly9tYXRwbG90bGliLm9yZy/YYfK9AAAACXBIWXMAAAsTAAALEwEAmpwYAAAAL0lEQVR4nO3OoQEAMAjEwNL9d348JhJEboKrJO+Svx2YDBFDxBAxRAwRQ8QQMUQaNPcDIebcD2wAAAAASUVORK5CYII="" />",5.0,0.0,"<img loading=lazy src=""data:image/png;base64, iVBORw0KGgoAAAANSUhEUgAAACQAAAASCAYAAAAzI3woAAAAOXRFWHRTb2Z0d2FyZQBNYXRwbG90bGliIHZlcnNpb24zLjUuMSwgaHR0cHM6Ly9tYXRwbG90bGliLm9yZy/YYfK9AAAACXBIWXMAAAsTAAALEwEAmpwYAAAAL0lEQVR4nO3OoQEAMAjEwNL9d348JhJEboKrJO+Svx2YDBFDxBAxRAwRQ8QQMUQaNPcDIebcD2wAAAAASUVORK5CYII="" />",13800.0,0.0
26,127,マグマの滝壺,UR,https://shopping.fullcomp.jp//shopdetail/000000048510/p_s9/page1/order/,"<img loading=lazy src=""data:image/png;base64, iVBORw0KGgoAAAANSUhEUgAAACQAAAASCAYAAAAzI3woAAAAOXRFWHRTb2Z0d2FyZQBNYXRwbG90bGliIHZlcnNpb24zLjUuMSwgaHR0cHM6Ly9tYXRwbG90bGliLm9yZy/YYfK9AAAACXBIWXMAAAsTAAALEwEAmpwYAAAAL0lEQVR4nO3OoQEAMAjEwNL9d348JhJEboKrJO+Svx2YDBFDxBAxRAwRQ8QQMUQaNPcDIebcD2wAAAAASUVORK5CYII="" />",5,0,"<img loading=lazy src=""data:image/png;base64, iVBORw0KGgoAAAANSUhEUgAAACQAAAASCAYAAAAzI3woAAAAOXRFWHRTb2Z0d2FyZQBNYXRwbG90bGliIHZlcnNpb24zLjUuMSwgaHR0cHM6Ly9tYXRwbG90bGliLm9yZy/YYfK9AAAACXBIWXMAAAsTAAALEwEAmpwYAAAAL0lEQVR4nO3OoQEAMAjEwNL9d348JhJEboKrJO+Svx2YDBFDxBAxRAwRQ8QQMUQaNPcDIebcD2wAAAAASUVORK5CYII="" />",2680,0,https://www.cardrush-pokemon.jp/product/24439,"<img loading=lazy src=""data:image/png;base64, iVBORw0KGgoAAAANSUhEUgAAACQAAAASCAYAAAAzI3woAAAAOXRFWHRTb2Z0d2FyZQBNYXRwbG90bGliIHZlcnNpb24zLjUuMSwgaHR0cHM6Ly9tYXRwbG90bGliLm9yZy/YYfK9AAAACXBIWXMAAAsTAAALEwEAmpwYAAAAL0lEQVR4nO3OoQEAMAjEwNL9d348JhJEboKrJO+Svx2YDBFDxBAxRAwRQ8QQMUQaNPcDIebcD2wAAAAASUVORK5CYII="" />",4,0,"<img loading=lazy src=""data:image/png;base64, iVBORw0KGgoAAAANSUhEUgAAACQAAAASCAYAAAAzI3woAAAAOXRFWHRTb2Z0d2FyZQBNYXRwbG90bGliIHZlcnNpb24zLjUuMSwgaHR0cHM6Ly9tYXRwbG90bGliLm9yZy/YYfK9AAAACXBIWXMAAAsTAAALEwEAmpwYAAAAL0lEQVR4nO3OoQEAMAjEwNL9d348JhJEboKrJO+Svx2YDBFDxBAxRAwRQ8QQMUQaNPcDIebcD2wAAAAASUVORK5CYII="" />",2580,0,https://www.bigweb.co.jp/ver2/pd2.php?card_id=3210591,"<img loading=lazy src=""data:image/png;base64, iVBORw0KGgoAAAANSUhEUgAAACQAAAASCAYAAAAzI3woAAAAOXRFWHRTb2Z0d2FyZQBNYXRwbG90bGliIHZlcnNpb24zLjUuMSwgaHR0cHM6Ly9tYXRwbG90bGliLm9yZy/YYfK9AAAACXBIWXMAAAsTAAALEwEAmpwYAAAAL0lEQVR4nO3OoQEAMAjEwNL9d348JhJEboKrJO+Svx2YDBFDxBAxRAwRQ8QQMUQaNPcDIebcD2wAAAAASUVORK5CYII="" />",60,0,"<img loading=lazy src=""data:image/png;base64, iVBORw0KGgoAAAANSUhEUgAAACQAAAASCAYAAAAzI3woAAAAOXRFWHRTb2Z0d2FyZQBNYXRwbG90bGliIHZlcnNpb24zLjUuMSwgaHR0cHM6Ly9tYXRwbG90bGliLm9yZy/YYfK9AAAACXBIWXMAAAsTAAALEwEAmpwYAAAAL0lEQVR4nO3OoQEAMAjEwNL9d348JhJEboKrJO+Svx2YDBFDxBAxRAwRQ8QQMUQaNPcDIebcD2wAAAAASUVORK5CYII="" />",1980,0,https://yuyu-tei.jp/game_poc/carddetail/cardpreview.php?VER=s08b&CID=10127&MODE=sell,"<img loading=lazy src=""data:image/png;base64, iVBORw0KGgoAAAANSUhEUgAAACQAAAASCAYAAAAzI3woAAAAOXRFWHRTb2Z0d2FyZQBNYXRwbG90bGliIHZlcnNpb24zLjUuMSwgaHR0cHM6Ly9tYXRwbG90bGliLm9yZy/YYfK9AAAACXBIWXMAAAsTAAALEwEAmpwYAAAAL0lEQVR4nO3OoQEAMAjEwNL9d348JhJEboKrJO+Svx2YDBFDxBAxRAwRQ8QQMUQaNPcDIebcD2wAAAAASUVORK5CYII="" />",0,0,"<img loading=lazy src=""data:image/png;base64, iVBORw0KGgoAAAANSUhEUgAAACQAAAASCAYAAAAzI3woAAAAOXRFWHRTb2Z0d2FyZQBNYXRwbG90bGliIHZlcnNpb24zLjUuMSwgaHR0cHM6Ly9tYXRwbG90bGliLm9yZy/YYfK9AAAACXBIWXMAAAsTAAALEwEAmpwYAAAAL0lEQVR4nO3OoQEAMAjEwNL9d348JhJEboKrJO+Svx2YDBFDxBAxRAwRQ8QQMUQaNPcDIebcD2wAAAAASUVORK5CYII="" />",2480,0,https://www.c-labo-online.jp/product/186499,"<img loading=lazy src=""data:image/png;base64, iVBORw0KGgoAAAANSUhEUgAAACQAAAASCAYAAAAzI3woAAAAOXRFWHRTb2Z0d2FyZQBNYXRwbG90bGliIHZlcnNpb24zLjUuMSwgaHR0cHM6Ly9tYXRwbG90bGliLm9yZy/YYfK9AAAACXBIWXMAAAsTAAALEwEAmpwYAAAAL0lEQVR4nO3OoQEAMAjEwNL9d348JhJEboKrJO+Svx2YDBFDxBAxRAwRQ8QQMUQaNPcDIebcD2wAAAAASUVORK5CYII="" />",1.0,0.0,"<img loading=lazy src=""data:image/png;base64, iVBORw0KGgoAAAANSUhEUgAAACQAAAASCAYAAAAzI3woAAAAOXRFWHRTb2Z0d2FyZQBNYXRwbG90bGliIHZlcnNpb24zLjUuMSwgaHR0cHM6Ly9tYXRwbG90bGliLm9yZy/YYfK9AAAACXBIWXMAAAsTAAALEwEAmpwYAAAAL0lEQVR4nO3OoQEAMAjEwNL9d348JhJEboKrJO+Svx2YDBFDxBAxRAwRQ8QQMUQaNPcDIebcD2wAAAAASUVORK5CYII="" />",2980.0,0.0
